img_name,storm,datetime_utc,lat,lon,pressure_mb,wind_kt,wind_kmph,category,cat_idx,has_raw,sat_id,vza
NARGIS_20080425_1200.jpg,NARGIS,2008-04-25T12:00,10.5,90.29998779296875,1007.0,17.600000381469727,32.59520070648193,Depression,1,False,FY2-C,21.0
NARGIS_20080425_1500.jpg,NARGIS,2008-04-25T15:00,10.704999923706055,89.91500854492188,1007.0,17.600000381469727,32.59520070648193,Depression,1,False,FY2-C,21.0
NARGIS_20080425_1800.jpg,NARGIS,2008-04-25T18:00,10.800000190734863,89.5,1007.0,17.600000381469727,32.59520070648193,Depression,1,False,FY2-C,21.0
NARGIS_20080425_2100.jpg,NARGIS,2008-04-25T21:00,10.734999656677246,89.05499267578125,1007.0,17.600000381469727,32.59520070648193,Depression,1,False,FY2-C,22.0
NARGIS_20080426_0000.jpg,NARGIS,2008-04-26T00:00,10.699999809265137,88.69998168945312,1007.0,17.600000381469727,32.59520070648193,Depression,1,False,FY2-C,22.0
NARGIS_20080426_0300.jpg,NARGIS,2008-04-26T03:00,10.920000076293945,88.58499145507812,1007.0,17.600000381469727,32.59520070648193,Depression,1,False,FY2-C,22.0
NARGIS_20080426_0600.jpg,NARGIS,2008-04-26T06:00,11.199999809265137,88.5,1007.0,17.600000381469727,32.59520070648193,Depression,1,False,FY2-C,23.0
NARGIS_20080426_0900.jpg,NARGIS,2008-04-26T09:00,11.387499809265137,88.23748779296875,1007.0,17.600000381469727,32.59520070648193,Depression,1,False,FY2-C,23.0
NARGIS_20080426_1200.jpg,NARGIS,2008-04-26T12:00,11.5,87.89999389648438,1007.0,17.600000381469727,32.59520070648193,Depression,1,False,FY2-C,23.0
NARGIS_20080426_1500.jpg,NARGIS,2008-04-26T15:00,11.515000343322754,87.54248046875,1005.5,19.799999237060547,36.669598587036134,Depression,1,False,FY2-C,24.0
NARGIS_20080426_1800.jpg,NARGIS,2008-04-26T18:00,11.5,87.20001220703125,1004.0,22.0,40.744,Depression,1,False,FY2-C,24.0
NARGIS_20080426_2100.jpg,NARGIS,2008-04-26T21:00,11.538000106811523,86.9169921875,1003.0,22.0,40.744,Depression,1,False,FY2-C,24.0
NARGIS_20080427_0000.jpg,NARGIS,2008-04-27T00:00,11.600000381469727,86.70001220703125,1002.0,22.0,40.744,Depression,1,False,FY2-C,25.0
NARGIS_20080427_0300.jpg,NARGIS,2008-04-27T03:00,11.659500122070312,86.5579833984375,1000.5,23.850000381469727,44.170200706481936,Depression,1,False,MET-7,37.0
NARGIS_20080427_0600.jpg,NARGIS,2008-04-27T06:00,11.760000228881836,86.44000244140625,999.0,25.700000762939453,47.59640141296387,Depression,1,False,MET-7,37.0
NARGIS_20080427_0900.jpg,NARGIS,2008-04-27T09:00,11.931167602539062,86.2708740234375,998.0,28.049999237060547,51.94859858703614,Deep Depression,2,False,MET-7,37.0
NARGIS_20080427_1200.jpg,NARGIS,2008-04-27T12:00,12.133334159851074,86.10000610351562,997.0,30.399999618530273,56.30079929351807,Deep Depression,2,False,MET-7,37.0
NARGIS_20080427_1500.jpg,NARGIS,2008-04-27T15:00,12.314666748046875,85.95968627929688,994.25,32.599998474121094,60.37519717407227,Deep Depression,2,False,MET-7,37.0
NARGIS_20080427_1800.jpg,NARGIS,2008-04-27T18:00,12.5,85.82855224609375,991.5,34.79999923706055,64.44959858703614,Cyclonic Storm,3,False,MET-7,36.0
NARGIS_20080427_2100.jpg,NARGIS,2008-04-27T21:00,12.716249465942383,85.6689453125,989.75,38.25,70.839,Cyclonic Storm,3,False,MET-7,36.0
NARGIS_20080428_0000.jpg,NARGIS,2008-04-28T00:00,12.899999618530273,85.54998779296875,988.0,41.70000076293945,77.22840141296388,Cyclonic Storm,3,False,MET-7,36.0
NARGIS_20080428_0300.jpg,NARGIS,2008-04-28T03:00,13.012499809265137,85.54034423828125,985.0,46.400001525878906,85.93280282592774,Cyclonic Storm,3,False,MET-7,36.0
NARGIS_20080428_0600.jpg,NARGIS,2008-04-28T06:00,13.050000190734863,85.54998779296875,982.0,51.099998474121094,94.63719717407227,Severe Cyclonic Storm,4,False,MET-7,36.0
NARGIS_20080428_0900.jpg,NARGIS,2008-04-28T09:00,13.0,85.47500610351562,980.0,54.69999694824219,101.30439434814454,Severe Cyclonic Storm,4,False,FY2-C,27.0
NARGIS_20080428_1200.jpg,NARGIS,2008-04-28T12:00,12.949999809265137,85.39999389648438,978.0,58.29999923706055,107.97159858703614,Severe Cyclonic Storm,4,False,FY2-C,27.0
NARGIS_20080428_1500.jpg,NARGIS,2008-04-28T15:00,13.013750076293945,85.37750244140625,977.25,59.400001525878906,110.00880282592775,Severe Cyclonic Storm,4,False,MET-7,36.0
NARGIS_20080428_1800.jpg,NARGIS,2008-04-28T18:00,13.100000381469727,85.39999389648438,976.5,60.5,112.046,Severe Cyclonic Storm,4,False,MET-7,36.0
NARGIS_20080428_2100.jpg,NARGIS,2008-04-28T21:00,13.125,85.46749877929688,976.5,60.5,112.046,Severe Cyclonic Storm,4,False,MET-7,36.0
NARGIS_20080429_0000.jpg,NARGIS,2008-04-29T00:00,13.149999618530273,85.54998779296875,976.5,60.5,112.046,Severe Cyclonic Storm,4,False,MET-7,36.0
NARGIS_20080429_0300.jpg,NARGIS,2008-04-29T03:00,13.194999694824219,85.59625244140625,975.0,63.0,116.676,Severe Cyclonic Storm,4,False,MET-7,37.0
NARGIS_20080429_0600.jpg,NARGIS,2008-04-29T06:00,13.300000190734863,85.64999389648438,973.5,65.5,121.30600000000001,Very Severe Cyclonic Storm,5,False,MET-7,37.0
NARGIS_20080429_0900.jpg,NARGIS,2008-04-29T09:00,13.517499923706055,85.74249267578125,974.25,64.4000015258789,119.26880282592774,Very Severe Cyclonic Storm,5,False,MET-7,37.0
NARGIS_20080429_1200.jpg,NARGIS,2008-04-29T12:00,13.75,85.85000610351562,975.0,63.29999923706055,117.23159858703613,Severe Cyclonic Storm,4,False,MET-7,37.0
NARGIS_20080429_1500.jpg,NARGIS,2008-04-29T15:00,13.893750190734863,85.9425048828125,975.0,63.29999923706055,117.23159858703613,Severe Cyclonic Storm,4,False,MET-7,37.0
NARGIS_20080429_1800.jpg,NARGIS,2008-04-29T18:00,14.0,86.04998779296875,975.0,63.29999923706055,117.23159858703613,Severe Cyclonic Storm,4,False,MET-7,37.0
NARGIS_20080429_2100.jpg,NARGIS,2008-04-29T21:00,14.088749885559082,86.18499755859375,975.0,63.29999923706055,117.23159858703613,Severe Cyclonic Storm,4,False,MET-7,38.0
NARGIS_20080430_0000.jpg,NARGIS,2008-04-30T00:00,14.199999809265137,86.35000610351562,975.0,63.29999923706055,117.23159858703613,Severe Cyclonic Storm,4,False,MET-7,38.0
NARGIS_20080430_0300.jpg,NARGIS,2008-04-30T03:00,14.4037504196167,86.53500366210938,977.0,61.099998474121094,113.15719717407227,Severe Cyclonic Storm,4,False,MET-7,38.0
NARGIS_20080430_0600.jpg,NARGIS,2008-04-30T06:00,14.600000381469727,86.75,979.0,58.900001525878906,109.08280282592774,Severe Cyclonic Storm,4,False,MET-7,38.0
NARGIS_20080430_0900.jpg,NARGIS,2008-04-30T09:00,14.675000190734863,86.9849853515625,978.0,60.0,111.12,Severe Cyclonic Storm,4,False,MET-7,39.0
NARGIS_20080430_1200.jpg,NARGIS,2008-04-30T12:00,14.75,87.25,977.0,61.099998474121094,113.15719717407227,Severe Cyclonic Storm,4,False,MET-7,39.0
NARGIS_20080430_1500.jpg,NARGIS,2008-04-30T15:00,14.931249618530273,87.53875732421875,977.0,61.099998474121094,113.15719717407227,Severe Cyclonic Storm,4,False,MET-7,39.0
NARGIS_20080430_1800.jpg,NARGIS,2008-04-30T18:00,15.149999618530273,87.85000610351562,977.0,61.099998474121094,113.15719717407227,Severe Cyclonic Storm,4,False,MET-7,40.0
NARGIS_20080430_2100.jpg,NARGIS,2008-04-30T21:00,15.350000381469727,88.13375854492188,977.0,61.099998474121094,113.15719717407227,Severe Cyclonic Storm,4,False,MET-7,40.0
NARGIS_20080501_0000.jpg,NARGIS,2008-05-01T00:00,15.550000190734863,88.5,977.0,61.099998474121094,113.15719717407227,Severe Cyclonic Storm,4,False,MET-7,41.0
NARGIS_20080501_0300.jpg,NARGIS,2008-05-01T03:00,15.779999732971191,89.052490234375,976.0,62.19999694824219,115.19439434814454,Severe Cyclonic Storm,4,False,MET-7,41.0
NARGIS_20080501_0600.jpg,NARGIS,2008-05-01T06:00,15.949999809265137,89.64999389648438,975.0,63.29999923706055,117.23159858703613,Severe Cyclonic Storm,4,False,MET-7,42.0
NARGIS_20080501_0900.jpg,NARGIS,2008-05-01T09:00,15.983749389648438,90.13626098632812,969.5,69.9000015258789,129.45480282592774,Very Severe Cyclonic Storm,5,False,MET-7,42.0
NARGIS_20080501_1200.jpg,NARGIS,2008-05-01T12:00,15.949999809265137,90.60000610351562,964.0,76.5,141.678,Very Severe Cyclonic Storm,5,False,MET-7,43.0
NARGIS_20080501_1500.jpg,NARGIS,2008-05-01T15:00,15.924999237060547,91.09625244140625,964.0,76.5,141.678,Very Severe Cyclonic Storm,5,False,MET-7,43.0
NARGIS_20080501_1800.jpg,NARGIS,2008-05-01T18:00,15.899999618530273,91.60000610351562,964.0,76.5,141.678,Very Severe Cyclonic Storm,5,False,MET-7,44.0
NARGIS_20080501_2100.jpg,NARGIS,2008-05-01T21:00,15.892499923706055,92.103759765625,960.25,81.69999694824219,151.30839434814453,Very Severe Cyclonic Storm,5,False,MET-7,44.0
NARGIS_20080502_0000.jpg,NARGIS,2008-05-02T00:00,15.899999618530273,92.60000610351562,956.5,86.9000015258789,160.93880282592775,Very Severe Cyclonic Storm,5,False,MET-7,45.0
NARGIS_20080502_0300.jpg,NARGIS,2008-05-02T03:00,15.921249389648438,93.0787353515625,953.0,91.25,168.995,Extremely Severe Cyclonic Storm,6,False,MET-7,45.0
NARGIS_20080502_0600.jpg,NARGIS,2008-05-02T06:00,15.949999809265137,93.54998779296875,949.5,95.5999984741211,177.05119717407229,Extremely Severe Cyclonic Storm,6,False,MET-7,46.0
NARGIS_20080502_0900.jpg,NARGIS,2008-05-02T09:00,15.944999694824219,94.01751708984375,949.5,95.5999984741211,177.05119717407229,Extremely Severe Cyclonic Storm,6,False,MET-7,46.0
NARGIS_20080502_1200.jpg,NARGIS,2008-05-02T12:00,16.0,94.5,949.5,95.5999984741211,177.05119717407229,Extremely Severe Cyclonic Storm,6,False,MET-7,47.0
NARGIS_20080502_1500.jpg,NARGIS,2008-05-02T15:00,16.212142944335938,95.06143188476562,959.0,86.5,160.198,Very Severe Cyclonic Storm,5,False,MET-7,47.0
NARGIS_20080502_1800.jpg,NARGIS,2008-05-02T18:00,16.450000762939453,95.54998779296875,968.5,77.4000015258789,143.34480282592773,Very Severe Cyclonic Storm,5,False,MET-7,48.0
NARGIS_20080502_2100.jpg,NARGIS,2008-05-02T21:00,16.537321090698242,95.79446411132812,974.25,66.5999984741211,123.34319717407227,Very Severe Cyclonic Storm,5,False,MET-7,48.0
NARGIS_20080503_0000.jpg,NARGIS,2008-05-03T00:00,16.671428680419922,96.0142822265625,980.0,55.79999923706055,103.34159858703613,Severe Cyclonic Storm,4,False,MET-7,49.0
NARGIS_20080503_0300.jpg,NARGIS,2008-05-03T03:00,17.0002384185791,96.44134521484375,984.75,50.150001525878906,92.87780282592774,Severe Cyclonic Storm,4,False,MET-7,49.0
NARGIS_20080503_0600.jpg,NARGIS,2008-05-03T06:00,17.433332443237305,96.89999389648438,989.5,44.5,82.414,Cyclonic Storm,3,False,MET-7,50.0
NARGIS_20080503_0900.jpg,NARGIS,2008-05-03T09:00,17.870058059692383,97.28704833984375,992.5,39.79999923706055,73.70959858703614,Cyclonic Storm,3,False,MET-7,50.0
NARGIS_20080503_1200.jpg,NARGIS,2008-05-03T12:00,18.349998474121094,97.57501220703125,995.5,35.099998474121094,65.00519717407226,Cyclonic Storm,3,False,MET-7,51.0
NARGIS_20080503_1500.jpg,NARGIS,2008-05-03T15:00,18.838748931884766,97.68560791015625,997.75,30.75,56.949000000000005,Deep Depression,2,False,MET-7,51.0
NARGIS_20080503_1800.jpg,NARGIS,2008-05-03T18:00,19.399999618530273,97.79998779296875,1000.0,26.399999618530273,48.89279929351807,Depression,1,False,MET-7,51.0
NARGIS_20080503_2100.jpg,NARGIS,2008-05-03T21:00,20.06833267211914,98.09124755859375,1002.0,24.200000762939453,44.81840141296387,Depression,1,False,MET-7,52.0
NARGIS_20080504_0000.jpg,NARGIS,2008-05-04T00:00,20.799999237060547,98.5,1004.0,22.0,40.744,Depression,1,False,MTS-1,53.0
PHET_20100530_1200.jpg,PHET,2010-05-30T12:00,14.399999618530273,65.0,1010.0,13.199999809265137,24.446399646759033,Low Pressure Area,0,False,MET-7,19.0
PHET_20100530_1500.jpg,PHET,2010-05-30T15:00,14.466500282287598,64.85150146484375,1007.5,15.399999618530273,28.520799293518067,Low Pressure Area,0,False,MET-7,19.0
PHET_20100530_1800.jpg,PHET,2010-05-30T18:00,14.5,64.69999694824219,1005.0,17.600000381469727,32.59520070648193,Depression,1,False,MET-7,19.0
PHET_20100530_2100.jpg,PHET,2010-05-30T21:00,14.48799991607666,64.54550170898438,1004.5,19.799999237060547,36.669598587036134,Depression,1,False,MET-7,19.0
PHET_20100531_0000.jpg,PHET,2010-05-31T00:00,14.5,64.39999389648438,1004.0,22.0,40.744,Depression,1,False,MET-7,19.0
PHET_20100531_0300.jpg,PHET,2010-05-31T03:00,14.599499702453613,64.28199768066406,1002.5,23.850000381469727,44.170200706481936,Depression,1,False,MET-7,19.0
PHET_20100531_0600.jpg,PHET,2010-05-31T06:00,14.760000228881836,64.16000366210938,1001.0,25.700000762939453,47.59640141296387,Depression,1,False,MET-7,19.0
PHET_20100531_0900.jpg,PHET,2010-05-31T09:00,14.962119102478027,63.995086669921875,1000.75,25.700000762939453,47.59640141296387,Depression,1,False,MET-7,19.0
PHET_20100531_1200.jpg,PHET,2010-05-31T12:00,15.166666984558105,63.83332824707031,1000.5,25.700000762939453,47.59640141296387,Depression,1,False,MET-7,20.0
PHET_20100531_1500.jpg,PHET,2010-05-31T15:00,15.31972599029541,63.71913146972656,999.0,26.799999237060547,49.63359858703613,Depression,1,False,MET-7,20.0
PHET_20100531_1800.jpg,PHET,2010-05-31T18:00,15.442856788635254,63.614288330078125,997.5,27.899999618530273,51.670799293518066,Deep Depression,2,False,MET-7,20.0
PHET_20100531_2100.jpg,PHET,2010-05-31T21:00,15.529642105102539,63.503204345703125,995.5,31.349998474121094,58.06019717407227,Deep Depression,2,False,MET-7,20.0
PHET_20100601_0000.jpg,PHET,2010-06-01T00:00,15.649999618530273,63.350006103515625,993.5,34.79999923706055,64.44959858703614,Cyclonic Storm,3,False,MET-7,20.0
PHET_20100601_0300.jpg,PHET,2010-06-01T03:00,15.878035545349121,63.113922119140625,991.25,37.0,68.524,Cyclonic Storm,3,False,MET-7,20.0
PHET_20100601_0600.jpg,PHET,2010-06-01T06:00,16.149999618530273,62.850006103515625,989.0,39.20000076293945,72.59840141296387,Cyclonic Storm,3,False,MET-7,20.0
PHET_20100601_0900.jpg,PHET,2010-06-01T09:00,16.407499313354492,62.63250732421875,987.5,41.55000305175781,76.95060565185547,Cyclonic Storm,3,False,MET-7,20.0
PHET_20100601_1200.jpg,PHET,2010-06-01T12:00,16.649999618530273,62.399993896484375,986.0,43.900001525878906,81.30280282592774,Cyclonic Storm,3,False,MET-7,21.0
PHET_20100601_1500.jpg,PHET,2010-06-01T15:00,16.857500076293945,62.10749816894531,982.25,49.70000076293945,92.04440141296388,Severe Cyclonic Storm,4,False,MET-7,21.0
PHET_20100601_1800.jpg,PHET,2010-06-01T18:00,17.049999237060547,61.80000305175781,978.5,55.5,102.786,Severe Cyclonic Storm,4,False,MET-7,21.0
PHET_20100601_2100.jpg,PHET,2010-06-01T21:00,17.264999389648438,61.51750183105469,974.75,61.29999923706055,113.52759858703614,Severe Cyclonic Storm,4,False,MET-7,21.0
PHET_20100602_0000.jpg,PHET,2010-06-02T00:00,17.450000762939453,61.25,971.0,67.0999984741211,124.26919717407227,Very Severe Cyclonic Storm,5,False,MET-7,21.0
PHET_20100602_0300.jpg,PHET,2010-06-02T03:00,17.546249389648438,60.996246337890625,964.25,76.3499984741211,141.40019717407228,Very Severe Cyclonic Storm,5,False,MET-7,21.0
PHET_20100602_0600.jpg,PHET,2010-06-02T06:00,17.649999618530273,60.75,957.5,85.5999984741211,158.53119717407228,Very Severe Cyclonic Storm,5,False,MET-7,21.0
PHET_20100602_0900.jpg,PHET,2010-06-02T09:00,17.863750457763672,60.49249267578125,952.0,91.55000305175781,169.55060565185548,Extremely Severe Cyclonic Storm,6,False,MET-7,21.0
PHET_20100602_1200.jpg,PHET,2010-06-02T12:00,18.100000381469727,60.25,946.5,97.5,180.57000000000002,Extremely Severe Cyclonic Storm,6,False,MET-7,22.0
PHET_20100602_1500.jpg,PHET,2010-06-02T15:00,18.30500030517578,60.035003662109375,948.0,96.4000015258789,178.53280282592775,Extremely Severe Cyclonic Storm,6,False,MET-7,22.0
PHET_20100602_1800.jpg,PHET,2010-06-02T18:00,18.450000762939453,59.850006103515625,949.5,95.30000305175781,176.49560565185547,Extremely Severe Cyclonic Storm,6,False,MET-7,22.0
PHET_20100602_2100.jpg,PHET,2010-06-02T21:00,18.46000099182129,59.66999816894531,951.5,92.80000305175781,171.86560565185547,Extremely Severe Cyclonic Storm,6,False,MET-7,22.0
PHET_20100603_0000.jpg,PHET,2010-06-03T00:00,18.5,59.55000305175781,953.5,90.30000305175781,167.23560565185548,Extremely Severe Cyclonic Storm,6,False,MET-7,22.0
PHET_20100603_0300.jpg,PHET,2010-06-03T03:00,18.707500457763672,59.53125,955.5,87.94999694824219,162.88339434814455,Very Severe Cyclonic Storm,5,False,MET-7,22.0
PHET_20100603_0600.jpg,PHET,2010-06-03T06:00,19.049999237060547,59.55000305175781,957.5,85.5999984741211,158.53119717407228,Very Severe Cyclonic Storm,5,False,MET-7,23.0
PHET_20100603_0900.jpg,PHET,2010-06-03T09:00,19.517499923706055,59.5362548828125,958.5,84.5,156.494,Very Severe Cyclonic Storm,5,False,MET-7,23.0
PHET_20100603_1200.jpg,PHET,2010-06-03T12:00,20.0,59.5,959.5,83.4000015258789,154.45680282592775,Very Severe Cyclonic Storm,5,False,MET-7,24.0
PHET_20100603_1500.jpg,PHET,2010-06-03T15:00,20.332500457763672,59.42500305175781,960.75,81.05000305175781,150.10460565185548,Very Severe Cyclonic Storm,5,False,MET-7,24.0
PHET_20100603_1800.jpg,PHET,2010-06-03T18:00,20.649999618530273,59.350006103515625,962.0,78.69999694824219,145.75239434814455,Very Severe Cyclonic Storm,5,False,MET-7,24.0
PHET_20100603_2100.jpg,PHET,2010-06-03T21:00,21.075000762939453,59.30999755859375,965.0,75.39999389648438,139.64078869628906,Very Severe Cyclonic Storm,5,False,MET-7,25.0
PHET_20100604_0000.jpg,PHET,2010-06-04T00:00,21.5,59.30000305175781,968.0,72.0999984741211,133.52919717407227,Very Severe Cyclonic Storm,5,False,MET-7,25.0
PHET_20100604_0300.jpg,PHET,2010-06-04T03:00,21.825000762939453,59.313751220703125,971.75,67.55000305175781,125.10260565185547,Very Severe Cyclonic Storm,5,False,MET-7,26.0
PHET_20100604_0600.jpg,PHET,2010-06-04T06:00,22.149999618530273,59.350006103515625,975.5,63.0,116.676,Severe Cyclonic Storm,4,False,MET-7,26.0
PHET_20100604_0900.jpg,PHET,2010-06-04T09:00,22.60124969482422,59.39250183105469,977.25,60.79999923706055,112.60159858703614,Severe Cyclonic Storm,4,False,MET-7,27.0
PHET_20100604_1200.jpg,PHET,2010-06-04T12:00,23.0,59.44999694824219,979.0,58.599998474121094,108.52719717407227,Severe Cyclonic Storm,4,False,MET-7,27.0
PHET_20100604_1500.jpg,PHET,2010-06-04T15:00,23.16499900817871,59.472503662109375,982.0,55.150001525878906,102.13780282592774,Severe Cyclonic Storm,4,False,MET-7,27.0
PHET_20100604_1800.jpg,PHET,2010-06-04T18:00,23.299999237060547,59.600006103515625,985.0,51.70000076293945,95.74840141296387,Severe Cyclonic Storm,4,False,MET-7,28.0
PHET_20100604_2100.jpg,PHET,2010-06-04T21:00,23.63249969482422,59.96624755859375,987.25,47.0,87.04400000000001,Cyclonic Storm,3,False,MET-7,28.0
PHET_20100605_0000.jpg,PHET,2010-06-05T00:00,23.950000762939453,60.399993896484375,989.5,42.29999923706055,78.33959858703614,Cyclonic Storm,3,False,MET-7,28.0
PHET_20100605_0300.jpg,PHET,2010-06-05T03:00,24.110000610351562,60.71875,991.0,39.94999694824219,73.98739434814453,Cyclonic Storm,3,False,MET-7,29.0
PHET_20100605_0600.jpg,PHET,2010-06-05T06:00,24.149999618530273,61.0,992.5,37.599998474121094,69.63519717407227,Cyclonic Storm,3,False,MET-7,29.0
PHET_20100605_0900.jpg,PHET,2010-06-05T09:00,24.10124969482422,61.25250244140625,992.5,37.599998474121094,69.63519717407227,Cyclonic Storm,3,False,MET-7,29.0
PHET_20100605_1200.jpg,PHET,2010-06-05T12:00,24.0,61.55000305175781,992.5,37.599998474121094,69.63519717407227,Cyclonic Storm,3,False,MET-7,29.0
PHET_20100605_1500.jpg,PHET,2010-06-05T15:00,23.924999237060547,61.92124938964844,993.75,34.0,62.968,Cyclonic Storm,3,False,MET-7,29.0
PHET_20100605_1800.jpg,PHET,2010-06-05T18:00,23.850000381469727,62.44999694824219,995.0,30.399999618530273,56.30079929351807,Deep Depression,2,False,MET-7,29.0
PHET_20100605_2100.jpg,PHET,2010-06-05T21:00,23.7450008392334,63.17875671386719,995.0,30.399999618530273,56.30079929351807,Deep Depression,2,False,MET-7,29.0
PHET_20100606_0000.jpg,PHET,2010-06-06T00:00,23.700000762939453,64.05000305175781,995.0,30.399999618530273,56.30079929351807,Deep Depression,2,False,MET-7,29.0
PHET_20100606_0300.jpg,PHET,2010-06-06T03:00,23.76875114440918,65.00125122070312,995.0,29.149999618530273,53.98579929351807,Deep Depression,2,False,MET-7,29.0
PHET_20100606_0600.jpg,PHET,2010-06-06T06:00,23.950000762939453,65.89999389648438,995.0,27.899999618530273,51.670799293518066,Deep Depression,2,False,MET-7,30.0
PHET_20100606_0900.jpg,PHET,2010-06-06T09:00,24.22749900817871,66.55125427246094,997.5,26.799999237060547,49.63359858703613,Depression,1,False,MET-7,30.0
PHET_20100606_1200.jpg,PHET,2010-06-06T12:00,24.549999237060547,67.14999389648438,1000.0,25.700000762939453,47.59640141296387,Depression,1,False,MET-7,31.0
PHET_20100606_1500.jpg,PHET,2010-06-06T15:00,24.776248931884766,67.85125732421875,997.75,25.700000762939453,47.59640141296387,Depression,1,False,MET-7,32.0
PHET_20100606_1800.jpg,PHET,2010-06-06T18:00,25.100000381469727,68.64999389648438,995.5,25.700000762939453,47.59640141296387,Depression,1,False,MET-7,32.0
PHET_20100606_2100.jpg,PHET,2010-06-06T21:00,25.7137508392334,69.5362548828125,997.0,24.600000381469727,45.55920070648194,Depression,1,False,MET-7,33.0
PHET_20100607_0000.jpg,PHET,2010-06-07T00:00,26.350000381469727,70.55000305175781,998.5,23.5,43.522000000000006,Depression,1,False,MET-7,34.0
PHET_20100607_0300.jpg,PHET,2010-06-07T03:00,26.772499084472656,71.69000244140625,998.0,23.350000381469727,43.244200706481934,Depression,1,False,MET-7,35.0
PHET_20100607_0600.jpg,PHET,2010-06-07T06:00,27.049999237060547,72.89999389648438,997.5,23.200000762939453,42.96640141296387,Depression,1,False,MET-7,36.0
PHAILIN_20131007_1200.jpg,PHAILIN,2013-10-07T12:00,11.800000190734863,97.60000610351562,1007.0,17.600000381469727,32.59520070648193,Depression,1,False,FY2-E,16.0
PHAILIN_20131007_1500.jpg,PHAILIN,2013-10-07T15:00,11.959500312805176,96.969482421875,1005.5,19.799999237060547,36.669598587036134,Depression,1,False,FY2-E,17.0
PHAILIN_20131007_1800.jpg,PHAILIN,2013-10-07T18:00,12.100000381469727,96.39999389648438,1004.0,22.0,40.744,Depression,1,False,MET-7,48.0
PHAILIN_20131007_2100.jpg,PHAILIN,2013-10-07T21:00,12.209000587463379,95.94149780273438,1004.0,22.0,40.744,Depression,1,False,FY2-E,17.0
PHAILIN_20131008_0000.jpg,PHAILIN,2013-10-08T00:00,12.300000190734863,95.60000610351562,1004.0,22.0,40.744,Depression,1,False,FY2-E,18.0
PHAILIN_20131008_0300.jpg,PHAILIN,2013-10-08T03:00,12.406000137329102,95.3809814453125,1004.0,22.75,42.133,Depression,1,False,FY2-E,18.0
PHAILIN_20131008_0600.jpg,PHAILIN,2013-10-08T06:00,12.480000495910645,95.17999267578125,1004.0,23.5,43.522000000000006,Depression,1,False,FY2-E,18.0
PHAILIN_20131008_0900.jpg,PHAILIN,2013-10-08T09:00,12.467190742492676,94.85028076171875,1002.75,24.600000381469727,45.55920070648194,Depression,1,False,FY2-E,18.0
PHAILIN_20131008_1200.jpg,PHAILIN,2013-10-08T12:00,12.466667175292969,94.5,1001.5,25.700000762939453,47.59640141296387,Depression,1,False,FY2-E,19.0
PHAILIN_20131008_1500.jpg,PHAILIN,2013-10-08T15:00,12.568761825561523,94.2073974609375,1001.5,25.700000762939453,47.59640141296387,Depression,1,False,FY2-E,19.0
PHAILIN_20131008_1800.jpg,PHAILIN,2013-10-08T18:00,12.728570938110352,93.94287109375,1001.5,25.700000762939453,47.59640141296387,Depression,1,False,MET-7,45.0
PHAILIN_20131008_2100.jpg,PHAILIN,2013-10-08T21:00,12.92642879486084,93.69589233398438,1000.25,28.049999237060547,51.94859858703614,Deep Depression,2,False,FY2-E,20.0
PHAILIN_20131009_0000.jpg,PHAILIN,2013-10-09T00:00,13.100000381469727,93.45001220703125,999.0,30.399999618530273,56.30079929351807,Deep Depression,2,False,FY2-E,20.0
PHAILIN_20131009_0300.jpg,PHAILIN,2013-10-09T03:00,13.147857666015625,93.175537109375,997.75,31.5,58.338,Deep Depression,2,False,FY2-E,20.0
PHAILIN_20131009_0600.jpg,PHAILIN,2013-10-09T06:00,13.199999809265137,92.89999389648438,996.5,32.599998474121094,60.37519717407227,Deep Depression,2,False,FY2-E,21.0
PHAILIN_20131009_0900.jpg,PHAILIN,2013-10-09T09:00,13.377500534057617,92.646240234375,995.25,34.94999694824219,64.72739434814453,Cyclonic Storm,3,False,FY2-E,21.0
PHAILIN_20131009_1200.jpg,PHAILIN,2013-10-09T12:00,13.600000381469727,92.39999389648438,994.0,37.29999923706055,69.07959858703613,Cyclonic Storm,3,False,FY2-E,21.0
PHAILIN_20131009_1500.jpg,PHAILIN,2013-10-09T15:00,13.792500495910645,92.14999389648438,992.0,40.75,75.46900000000001,Cyclonic Storm,3,False,FY2-E,22.0
PHAILIN_20131009_1800.jpg,PHAILIN,2013-10-09T18:00,14.0,91.89999389648438,990.0,44.20000076293945,81.85840141296387,Cyclonic Storm,3,False,MET-7,43.0
PHAILIN_20131009_2100.jpg,PHAILIN,2013-10-09T21:00,14.242500305175781,91.66876220703125,987.5,47.650001525878906,88.24780282592774,Cyclonic Storm,3,False,FY2-E,22.0
PHAILIN_20131010_0000.jpg,PHAILIN,2013-10-10T00:00,14.5,91.39999389648438,985.0,51.099998474121094,94.63719717407227,Severe Cyclonic Storm,4,False,FY2-E,23.0
PHAILIN_20131010_0300.jpg,PHAILIN,2013-10-10T03:00,14.75374984741211,91.02874755859375,977.5,61.599998474121094,114.08319717407227,Severe Cyclonic Storm,4,False,FY2-E,23.0
PHAILIN_20131010_0600.jpg,PHAILIN,2013-10-10T06:00,15.0,90.64999389648438,970.0,72.0999984741211,133.52919717407227,Very Severe Cyclonic Storm,5,False,FY2-E,24.0
PHAILIN_20131010_0900.jpg,PHAILIN,2013-10-10T09:00,15.255000114440918,90.36749267578125,964.25,79.0,146.30800000000002,Very Severe Cyclonic Storm,5,False,FY2-E,24.0
PHAILIN_20131010_1200.jpg,PHAILIN,2013-10-10T12:00,15.449999809265137,90.10000610351562,958.5,85.9000015258789,159.08680282592775,Very Severe Cyclonic Storm,5,False,FY2-E,25.0
PHAILIN_20131010_1500.jpg,PHAILIN,2013-10-10T15:00,15.511249542236328,89.7974853515625,950.75,95.30000305175781,176.49560565185547,Extremely Severe Cyclonic Storm,6,False,FY2-E,25.0
PHAILIN_20131010_1800.jpg,PHAILIN,2013-10-10T18:00,15.550000190734863,89.45001220703125,943.0,104.69999694824219,193.90439434814454,Extremely Severe Cyclonic Storm,6,False,MET-7,42.0
PHAILIN_20131010_2100.jpg,PHAILIN,2013-10-10T21:00,15.6850004196167,88.99874877929688,938.5,109.55000305175781,202.8866056518555,Extremely Severe Cyclonic Storm,6,False,FY2-E,26.0
PHAILIN_20131011_0000.jpg,PHAILIN,2013-10-11T00:00,15.850000381469727,88.60000610351562,934.0,114.4000015258789,211.86880282592776,Extremely Severe Cyclonic Storm,6,False,FY2-E,26.0
PHAILIN_20131011_0300.jpg,PHAILIN,2013-10-11T03:00,15.977500915527344,88.43124389648438,932.5,115.6500015258789,214.18380282592776,Extremely Severe Cyclonic Storm,6,False,FY2-E,26.0
PHAILIN_20131011_0600.jpg,PHAILIN,2013-10-11T06:00,16.150001525878906,88.29998779296875,931.0,116.9000015258789,216.49880282592775,Extremely Severe Cyclonic Storm,6,False,FY2-E,27.0
PHAILIN_20131011_0900.jpg,PHAILIN,2013-10-11T09:00,16.46125030517578,88.02999877929688,930.0,118.0,218.536,Extremely Severe Cyclonic Storm,6,False,FY2-E,27.0
PHAILIN_20131011_1200.jpg,PHAILIN,2013-10-11T12:00,16.75,87.70001220703125,929.0,119.0999984741211,220.57319717407228,Extremely Severe Cyclonic Storm,6,False,FY2-E,28.0
PHAILIN_20131011_1500.jpg,PHAILIN,2013-10-11T15:00,16.82874870300293,87.34625244140625,929.0,119.0999984741211,220.57319717407228,Extremely Severe Cyclonic Storm,6,False,FY2-E,28.0
PHAILIN_20131011_1800.jpg,PHAILIN,2013-10-11T18:00,16.899999618530273,87.0,929.0,119.0999984741211,220.57319717407228,Extremely Severe Cyclonic Storm,6,False,MET-7,40.0
PHAILIN_20131011_2100.jpg,PHAILIN,2013-10-11T21:00,17.141250610351562,86.72500610351562,929.0,119.0999984741211,220.57319717407228,Extremely Severe Cyclonic Storm,6,False,FY2-E,29.0
PHAILIN_20131012_0000.jpg,PHAILIN,2013-10-12T00:00,17.450000762939453,86.45001220703125,929.0,119.0999984741211,220.57319717407228,Extremely Severe Cyclonic Storm,6,False,FY2-E,29.0
PHAILIN_20131012_0300.jpg,PHAILIN,2013-10-12T03:00,17.74250030517578,86.10000610351562,930.0,118.0,218.536,Extremely Severe Cyclonic Storm,6,False,FY2-E,30.0
PHAILIN_20131012_0600.jpg,PHAILIN,2013-10-12T06:00,18.049999237060547,85.75,931.0,116.9000015258789,216.49880282592775,Extremely Severe Cyclonic Storm,6,False,FY2-E,30.0
PHAILIN_20131012_0900.jpg,PHAILIN,2013-10-12T09:00,18.360000610351562,85.44873046875,932.75,114.69999694824219,212.42439434814455,Extremely Severe Cyclonic Storm,6,False,FY2-E,31.0
PHAILIN_20131012_1200.jpg,PHAILIN,2013-10-12T12:00,18.700000762939453,85.20001220703125,934.5,112.5,208.35000000000002,Extremely Severe Cyclonic Storm,6,False,FY2-E,31.0
PHAILIN_20131012_1500.jpg,PHAILIN,2013-10-12T15:00,19.08017921447754,85.010009765625,943.25,103.25,191.21900000000002,Extremely Severe Cyclonic Storm,6,False,FY2-E,32.0
PHAILIN_20131012_1800.jpg,PHAILIN,2013-10-12T18:00,19.5,84.85000610351562,952.0,94.0,174.08800000000002,Extremely Severe Cyclonic Storm,6,False,MET-7,39.0
PHAILIN_20131012_2100.jpg,PHAILIN,2013-10-12T21:00,19.935714721679688,84.68374633789062,961.75,82.25,152.327,Very Severe Cyclonic Storm,5,False,FY2-E,33.0
PHAILIN_20131013_0000.jpg,PHAILIN,2013-10-13T00:00,20.41428565979004,84.5,971.5,70.5,130.566,Very Severe Cyclonic Storm,5,False,FY2-E,33.0
PHAILIN_20131013_0300.jpg,PHAILIN,2013-10-13T03:00,20.941715240478516,84.25341796875,980.0,56.25,104.17500000000001,Severe Cyclonic Storm,4,False,FY2-E,34.0
PHAILIN_20131013_0600.jpg,PHAILIN,2013-10-13T06:00,21.5,84.0333251953125,988.5,42.0,77.784,Cyclonic Storm,3,False,FY2-E,34.0
PHAILIN_20131013_0900.jpg,PHAILIN,2013-10-13T09:00,22.11292839050293,83.93865966796875,991.0,38.54999923706055,71.39459858703614,Cyclonic Storm,3,False,FY2-E,35.0
PHAILIN_20131013_1200.jpg,PHAILIN,2013-10-13T12:00,22.619998931884766,83.8599853515625,993.5,35.099998474121094,65.00519717407226,Cyclonic Storm,3,False,FY2-E,35.0
PHAILIN_20131013_1500.jpg,PHAILIN,2013-10-13T15:00,22.85649871826172,83.6295166015625,994.75,32.54999923706055,60.282598587036134,Deep Depression,2,False,FY2-E,36.0
PHAILIN_20131013_1800.jpg,PHAILIN,2013-10-13T18:00,23.0,83.5,996.0,30.0,55.56,Deep Depression,2,False,MET-7,40.0
PHAILIN_20131013_2100.jpg,PHAILIN,2013-10-13T21:00,23.203500747680664,83.7080078125,998.0,30.0,55.56,Deep Depression,2,False,FY2-E,36.0
PHAILIN_20131014_0000.jpg,PHAILIN,2013-10-14T00:00,23.5,84.0,1000.0,30.0,55.56,Deep Depression,2,False,FY2-E,36.0
PHAILIN_20131014_0300.jpg,PHAILIN,2013-10-14T03:00,23.952999114990234,84.1514892578125,1002.0,27.5,50.93,Deep Depression,2,False,FY2-E,36.0
PHAILIN_20131014_0600.jpg,PHAILIN,2013-10-14T06:00,24.5,84.20001220703125,1004.0,25.0,46.300000000000004,Depression,1,False,FY2-E,37.0
MADI_20131205_0000.jpg,MADI,2013-12-05T00:00,9.0,84.29998779296875,1010.0,13.199999809265137,24.446399646759033,Low Pressure Area,0,False,MET-7,34.0
MADI_20131205_0300.jpg,MADI,2013-12-05T03:00,9.05250072479248,84.2025146484375,1008.5,15.399999618530273,28.520799293518067,Low Pressure Area,0,False,FY2-E,26.0
MADI_20131205_0600.jpg,MADI,2013-12-05T06:00,9.100000381469727,84.10000610351562,1007.0,17.600000381469727,32.59520070648193,Depression,1,False,FY2-E,26.0
MADI_20131205_0900.jpg,MADI,2013-12-05T09:00,9.142499923706055,83.99249267578125,1005.5,19.799999237060547,36.669598587036134,Depression,1,False,FY2-E,26.0
MADI_20131205_1200.jpg,MADI,2013-12-05T12:00,9.199999809265137,83.89999389648438,1004.0,22.0,40.744,Depression,1,False,FY2-E,26.0
MADI_20131205_1500.jpg,MADI,2013-12-05T15:00,9.292499542236328,83.84249877929688,1004.0,22.0,40.744,Depression,1,False,FY2-E,26.0
MADI_20131205_1800.jpg,MADI,2013-12-05T18:00,9.399999618530273,83.79998779296875,1004.0,22.0,40.744,Depression,1,False,MET-7,33.0
MADI_20131205_2100.jpg,MADI,2013-12-05T21:00,9.503000259399414,83.73800659179688,1002.0,24.200000762939453,44.81840141296387,Depression,1,False,MET-7,33.0
MADI_20131206_0000.jpg,MADI,2013-12-06T00:00,9.600000381469727,83.70001220703125,1000.0,26.399999618530273,48.89279929351807,Depression,1,False,MET-7,33.0
MADI_20131206_0300.jpg,MADI,2013-12-06T03:00,9.682000160217285,83.7144775390625,1000.0,27.149999618530273,50.28179929351807,Deep Depression,2,False,FY2-E,27.0
MADI_20131206_0600.jpg,MADI,2013-12-06T06:00,9.760000228881836,83.760009765625,1000.0,27.899999618530273,51.670799293518066,Deep Depression,2,False,FY2-E,27.0
MADI_20131206_0900.jpg,MADI,2013-12-06T09:00,9.84080982208252,83.8121337890625,999.25,29.0,53.708000000000006,Deep Depression,2,False,FY2-E,27.0
MADI_20131206_1200.jpg,MADI,2013-12-06T12:00,9.933333396911621,83.86666870117188,998.5,30.100000381469727,55.74520070648194,Deep Depression,2,False,FY2-E,27.0
MADI_20131206_1500.jpg,MADI,2013-12-06T15:00,10.051987648010254,83.90097045898438,997.0,32.45000076293945,60.09740141296387,Deep Depression,2,False,FY2-E,27.0
MADI_20131206_1800.jpg,MADI,2013-12-06T18:00,10.171427726745605,83.94287109375,995.5,34.79999923706055,64.44959858703614,Cyclonic Storm,3,False,MET-7,34.0
MADI_20131206_2100.jpg,MADI,2013-12-06T21:00,10.263570785522461,84.01589965820312,993.5,37.150001525878906,68.80180282592774,Cyclonic Storm,3,False,MET-7,34.0
MADI_20131207_0000.jpg,MADI,2013-12-07T00:00,10.350000381469727,84.10000610351562,991.5,39.5,73.15400000000001,Cyclonic Storm,3,False,MET-7,34.0
MADI_20131207_0300.jpg,MADI,2013-12-07T03:00,10.437142372131348,84.175537109375,990.25,43.099998474121094,79.82119717407227,Cyclonic Storm,3,False,FY2-E,26.0
MADI_20131207_0600.jpg,MADI,2013-12-07T06:00,10.549999237060547,84.25,989.0,46.70000076293945,86.48840141296387,Cyclonic Storm,3,False,FY2-E,26.0
MADI_20131207_0900.jpg,MADI,2013-12-07T09:00,10.713748931884766,84.3287353515625,988.0,49.20000076293945,91.11840141296388,Severe Cyclonic Storm,4,False,FY2-E,26.0
MADI_20131207_1200.jpg,MADI,2013-12-07T12:00,10.899999618530273,84.39999389648438,987.0,51.70000076293945,95.74840141296387,Severe Cyclonic Storm,4,False,FY2-E,27.0
MADI_20131207_1500.jpg,MADI,2013-12-07T15:00,11.056249618530273,84.45751953125,985.5,52.80000305175781,97.78560565185548,Severe Cyclonic Storm,4,False,FY2-E,27.0
MADI_20131207_1800.jpg,MADI,2013-12-07T18:00,11.25,84.5,984.0,53.900001525878906,99.82280282592774,Severe Cyclonic Storm,4,False,MET-7,35.0
MADI_20131207_2100.jpg,MADI,2013-12-07T21:00,11.538750648498535,84.521240234375,982.5,56.25,104.17500000000001,Severe Cyclonic Storm,4,False,MET-7,35.0
MADI_20131208_0000.jpg,MADI,2013-12-08T00:00,11.850000381469727,84.54998779296875,981.0,58.599998474121094,108.52719717407227,Severe Cyclonic Storm,4,False,MET-7,35.0
MADI_20131208_0300.jpg,MADI,2013-12-08T03:00,12.100000381469727,84.62875366210938,980.5,59.849998474121094,110.84219717407227,Severe Cyclonic Storm,4,False,FY2-E,27.0
MADI_20131208_0600.jpg,MADI,2013-12-08T06:00,12.350000381469727,84.70001220703125,980.0,61.099998474121094,113.15719717407227,Severe Cyclonic Storm,4,False,FY2-E,27.0
MADI_20131208_0900.jpg,MADI,2013-12-08T09:00,12.6537504196167,84.71499633789062,980.0,61.099998474121094,113.15719717407227,Severe Cyclonic Storm,4,False,FY2-E,27.0
MADI_20131208_1200.jpg,MADI,2013-12-08T12:00,12.949999809265137,84.70001220703125,980.0,61.099998474121094,113.15719717407227,Severe Cyclonic Storm,4,False,FY2-E,27.0
MADI_20131208_1500.jpg,MADI,2013-12-08T15:00,13.186249732971191,84.67498779296875,980.0,61.099998474121094,113.15719717407227,Severe Cyclonic Storm,4,False,FY2-E,28.0
MADI_20131208_1800.jpg,MADI,2013-12-08T18:00,13.399999618530273,84.64999389648438,980.0,61.099998474121094,113.15719717407227,Severe Cyclonic Storm,4,False,MET-7,36.0
MADI_20131208_2100.jpg,MADI,2013-12-08T21:00,13.625,84.64248657226562,981.0,60.0,111.12,Severe Cyclonic Storm,4,False,MET-7,36.0
MADI_20131209_0000.jpg,MADI,2013-12-09T00:00,13.850000381469727,84.64999389648438,982.0,58.900001525878906,109.08280282592774,Severe Cyclonic Storm,4,False,MET-7,36.0
MADI_20131209_0300.jpg,MADI,2013-12-09T03:00,14.086250305175781,84.66748046875,982.0,58.900001525878906,109.08280282592774,Severe Cyclonic Storm,4,False,FY2-E,28.0
MADI_20131209_0600.jpg,MADI,2013-12-09T06:00,14.300000190734863,84.70001220703125,982.0,58.900001525878906,109.08280282592774,Severe Cyclonic Storm,4,False,FY2-E,28.0
MADI_20131209_0900.jpg,MADI,2013-12-09T09:00,14.46875,84.74624633789062,981.5,58.75,108.805,Severe Cyclonic Storm,4,False,FY2-E,28.0
MADI_20131209_1200.jpg,MADI,2013-12-09T12:00,14.600000381469727,84.79998779296875,981.0,58.599998474121094,108.52719717407227,Severe Cyclonic Storm,4,False,FY2-E,28.0
MADI_20131209_1500.jpg,MADI,2013-12-09T15:00,14.707500457763672,84.84625244140625,981.0,58.599998474121094,108.52719717407227,Severe Cyclonic Storm,4,False,FY2-E,28.0
MADI_20131209_1800.jpg,MADI,2013-12-09T18:00,14.800000190734863,84.89999389648438,981.0,58.599998474121094,108.52719717407227,Severe Cyclonic Storm,4,False,MET-7,37.0
MADI_20131209_2100.jpg,MADI,2013-12-09T21:00,14.885000228881836,84.9637451171875,980.0,59.69999694824219,110.56439434814453,Severe Cyclonic Storm,4,False,MET-7,37.0
MADI_20131210_0000.jpg,MADI,2013-12-10T00:00,15.0,85.04998779296875,979.0,60.79999923706055,112.60159858703614,Severe Cyclonic Storm,4,False,MET-7,37.0
MADI_20131210_0300.jpg,MADI,2013-12-10T03:00,15.22249984741211,85.21249389648438,976.25,65.3499984741211,121.02819717407228,Very Severe Cyclonic Storm,5,False,FY2-E,28.0
MADI_20131210_0600.jpg,MADI,2013-12-10T06:00,15.399999618530273,85.29998779296875,973.5,69.9000015258789,129.45480282592774,Very Severe Cyclonic Storm,5,False,FY2-E,28.0
MADI_20131210_0900.jpg,MADI,2013-12-10T09:00,15.40999984741211,85.17376708984375,975.0,66.30000305175781,122.78760565185547,Very Severe Cyclonic Storm,5,False,FY2-E,28.0
MADI_20131210_1200.jpg,MADI,2013-12-10T12:00,15.299999237060547,84.95001220703125,976.5,62.70000076293945,116.12040141296387,Severe Cyclonic Storm,4,False,FY2-E,29.0
MADI_20131210_1500.jpg,MADI,2013-12-10T15:00,15.129999160766602,84.75750732421875,979.75,58.150001525878906,107.69380282592773,Severe Cyclonic Storm,4,False,FY2-E,29.0
MADI_20131210_1800.jpg,MADI,2013-12-10T18:00,14.899999618530273,84.54998779296875,983.0,53.599998474121094,99.26719717407227,Severe Cyclonic Storm,4,False,MET-7,36.0
MADI_20131210_2100.jpg,MADI,2013-12-10T21:00,14.664999961853027,84.33251953125,986.75,47.79999923706055,88.52559858703614,Cyclonic Storm,3,False,MET-7,36.0
MADI_20131211_0000.jpg,MADI,2013-12-11T00:00,14.399999618530273,84.10000610351562,990.5,42.0,77.784,Cyclonic Storm,3,False,MET-7,36.0
MADI_20131211_0300.jpg,MADI,2013-12-11T03:00,14.0962495803833,83.84249877929688,992.0,38.400001525878906,71.11680282592773,Cyclonic Storm,3,False,FY2-E,29.0
MADI_20131211_0600.jpg,MADI,2013-12-11T06:00,13.799999237060547,83.60000610351562,993.5,34.79999923706055,64.44959858703614,Cyclonic Storm,3,False,FY2-E,29.0
MADI_20131211_0900.jpg,MADI,2013-12-11T09:00,13.567500114440918,83.42874145507812,994.0,34.79999923706055,64.44959858703614,Cyclonic Storm,3,False,FY2-E,29.0
MADI_20131211_1200.jpg,MADI,2013-12-11T12:00,13.350000381469727,83.25,994.5,34.79999923706055,64.44959858703614,Cyclonic Storm,3,False,FY2-E,29.0
MADI_20131211_1500.jpg,MADI,2013-12-11T15:00,13.107500076293945,83.0050048828125,997.25,30.25,56.023,Deep Depression,2,False,FY2-E,29.0
MADI_20131211_1800.jpg,MADI,2013-12-11T18:00,12.850000381469727,82.70001220703125,1000.0,25.700000762939453,47.59640141296387,Depression,1,False,MET-7,33.0
MADI_20131211_2100.jpg,MADI,2013-12-11T21:00,12.605000495910645,82.33999633789062,1000.0,25.700000762939453,47.59640141296387,Depression,1,False,MET-7,33.0
MADI_20131212_0000.jpg,MADI,2013-12-12T00:00,12.300000190734863,81.95001220703125,1000.0,25.700000762939453,47.59640141296387,Depression,1,False,MET-7,32.0
MADI_20131212_0300.jpg,MADI,2013-12-12T03:00,11.883750915527344,81.58624267578125,1000.0,25.700000762939453,47.59640141296387,Depression,1,False,FY2-E,30.0
MADI_20131212_0600.jpg,MADI,2013-12-12T06:00,11.40000057220459,81.20001220703125,1000.0,25.700000762939453,47.59640141296387,Depression,1,False,FY2-E,30.0
MADI_20131212_0900.jpg,MADI,2013-12-12T09:00,10.858750343322754,80.80624389648438,1001.0,24.600000381469727,45.55920070648194,Depression,1,False,FY2-E,30.0
MADI_20131212_1200.jpg,MADI,2013-12-12T12:00,10.399999618530273,80.29998779296875,1002.0,23.5,43.522000000000006,Depression,1,False,MET-7,30.0
MADI_20131212_1500.jpg,MADI,2013-12-12T15:00,10.157499313354492,79.60626220703125,1003.0,22.25,41.207,Depression,1,False,MET-7,29.0
MADI_20131212_1800.jpg,MADI,2013-12-12T18:00,10.050000190734863,78.79998779296875,1004.0,21.0,38.892,Depression,1,False,MET-7,28.0
HUD_20141006_0600.jpg,HUD,2014-10-06T06:00,10.699999809265137,96.10000610351562,1010.0,13.199999809265137,24.446399646759033,Low Pressure Area,0,False,FY2-E,16.0
HUD_20141006_0900.jpg,HUD,2014-10-06T09:00,10.692500114440918,96.00750732421875,1008.5,15.399999618530273,28.520799293518067,Low Pressure Area,0,False,FY2-E,16.0
HUD_20141006_1200.jpg,HUD,2014-10-06T12:00,10.699999809265137,95.89999389648438,1007.0,17.600000381469727,32.59520070648193,Depression,1,False,FY2-E,16.0
HUD_20141006_1500.jpg,HUD,2014-10-06T15:00,10.734999656677246,95.7650146484375,1005.5,19.799999237060547,36.669598587036134,Depression,1,False,FY2-E,16.0
HUD_20141006_1800.jpg,HUD,2014-10-06T18:00,10.800000190734863,95.60000610351562,1004.0,22.0,40.744,Depression,1,False,MET-7,46.0
HUD_20141006_2100.jpg,HUD,2014-10-06T21:00,10.885000228881836,95.41351318359375,1004.0,22.0,40.744,Depression,1,False,FY2-E,17.0
HUD_20141007_0000.jpg,HUD,2014-10-07T00:00,11.0,95.20001220703125,1004.0,22.0,40.744,Depression,1,False,FY2-E,17.0
HUD_20141007_0300.jpg,HUD,2014-10-07T03:00,11.142499923706055,94.9739990234375,1004.0,22.75,42.133,Depression,1,False,FY2-E,17.0
HUD_20141007_0600.jpg,HUD,2014-10-07T06:00,11.300000190734863,94.72000122070312,1004.0,23.5,43.522000000000006,Depression,1,False,FY2-E,18.0
HUD_20141007_0900.jpg,HUD,2014-10-07T09:00,11.451070785522461,94.43817138671875,1002.0,25.850000381469727,47.874200706481936,Depression,1,False,FY2-E,18.0
HUD_20141007_1200.jpg,HUD,2014-10-07T12:00,11.59999942779541,94.13333129882812,1000.0,28.200000762939453,52.22640141296387,Deep Depression,2,False,FY2-E,18.0
HUD_20141007_1500.jpg,HUD,2014-10-07T15:00,11.741785049438477,93.8214111328125,1000.0,28.200000762939453,52.22640141296387,Deep Depression,2,False,FY2-E,19.0
HUD_20141007_1800.jpg,HUD,2014-10-07T18:00,11.885713577270508,93.5,1000.0,28.200000762939453,52.22640141296387,Deep Depression,2,False,MET-7,44.0
HUD_20141007_2100.jpg,HUD,2014-10-07T21:00,12.03803539276123,93.18374633789062,999.0,29.299999237060547,54.263598587036135,Deep Depression,2,False,FY2-E,19.0
HUD_20141008_0000.jpg,HUD,2014-10-08T00:00,12.199999809265137,92.85000610351562,998.0,30.399999618530273,56.30079929351807,Deep Depression,2,False,FY2-E,20.0
HUD_20141008_0300.jpg,HUD,2014-10-08T03:00,12.372321128845215,92.51998901367188,996.25,34.0,62.968,Cyclonic Storm,3,False,FY2-E,20.0
HUD_20141008_0600.jpg,HUD,2014-10-08T06:00,12.550000190734863,92.10000610351562,994.5,37.599998474121094,69.63519717407227,Cyclonic Storm,3,False,FY2-E,21.0
HUD_20141008_0900.jpg,HUD,2014-10-08T09:00,12.725000381469727,91.47500610351562,993.5,38.69999694824219,71.67239434814454,Cyclonic Storm,3,False,FY2-E,21.0
HUD_20141008_1200.jpg,HUD,2014-10-08T12:00,12.899999618530273,90.85000610351562,992.5,39.79999923706055,73.70959858703614,Cyclonic Storm,3,False,FY2-E,22.0
HUD_20141008_1500.jpg,HUD,2014-10-08T15:00,13.074999809265137,90.44125366210938,991.0,42.150001525878906,78.06180282592774,Cyclonic Storm,3,False,FY2-E,22.0
HUD_20141008_1800.jpg,HUD,2014-10-08T18:00,13.25,90.10000610351562,989.5,44.5,82.414,Cyclonic Storm,3,False,MET-7,41.0
HUD_20141008_2100.jpg,HUD,2014-10-08T21:00,13.436250686645508,89.677490234375,987.75,45.599998474121094,84.45119717407226,Cyclonic Storm,3,False,FY2-E,23.0
HUD_20141009_0000.jpg,HUD,2014-10-09T00:00,13.600000381469727,89.29998779296875,986.0,46.70000076293945,86.48840141296387,Cyclonic Storm,3,False,FY2-E,24.0
HUD_20141009_0300.jpg,HUD,2014-10-09T03:00,13.707499504089355,89.04501342773438,984.5,50.30000305175781,93.15560565185547,Severe Cyclonic Storm,4,False,FY2-E,24.0
HUD_20141009_0600.jpg,HUD,2014-10-09T06:00,13.799999237060547,88.85000610351562,983.0,53.900001525878906,99.82280282592774,Severe Cyclonic Storm,4,False,FY2-E,24.0
HUD_20141009_0900.jpg,HUD,2014-10-09T09:00,13.928750038146973,88.64999389648438,983.0,53.900001525878906,99.82280282592774,Severe Cyclonic Storm,4,False,FY2-E,25.0
HUD_20141009_1200.jpg,HUD,2014-10-09T12:00,14.050000190734863,88.45001220703125,983.0,53.900001525878906,99.82280282592774,Severe Cyclonic Storm,4,False,FY2-E,25.0
HUD_20141009_1500.jpg,HUD,2014-10-09T15:00,14.117500305175781,88.22125244140625,983.0,53.900001525878906,99.82280282592774,Severe Cyclonic Storm,4,False,FY2-E,25.0
HUD_20141009_1800.jpg,HUD,2014-10-09T18:00,14.200000762939453,88.0,983.0,53.900001525878906,99.82280282592774,Severe Cyclonic Storm,4,False,MET-7,39.0
HUD_20141009_2100.jpg,HUD,2014-10-09T21:00,14.359999656677246,87.8287353515625,982.0,56.25,104.17500000000001,Severe Cyclonic Storm,4,False,FY2-E,26.0
HUD_20141010_0000.jpg,HUD,2014-10-10T00:00,14.549999237060547,87.64999389648438,981.0,58.599998474121094,108.52719717407227,Severe Cyclonic Storm,4,False,FY2-E,26.0
HUD_20141010_0300.jpg,HUD,2014-10-10T03:00,14.7212495803833,87.39999389648438,980.5,58.599998474121094,108.52719717407227,Severe Cyclonic Storm,4,False,FY2-E,26.0
HUD_20141010_0600.jpg,HUD,2014-10-10T06:00,14.899999618530273,87.14999389648438,980.0,58.599998474121094,108.52719717407227,Severe Cyclonic Storm,4,False,FY2-E,27.0
HUD_20141010_0900.jpg,HUD,2014-10-10T09:00,15.10374927520752,86.97500610351562,977.25,63.29999923706055,117.23159858703613,Severe Cyclonic Storm,4,False,FY2-E,27.0
HUD_20141010_1200.jpg,HUD,2014-10-10T12:00,15.299999237060547,86.79998779296875,974.5,68.0,125.936,Very Severe Cyclonic Storm,5,False,FY2-E,27.0
HUD_20141010_1500.jpg,HUD,2014-10-10T15:00,15.461249351501465,86.56875610351562,971.5,71.44999694824219,132.32539434814453,Very Severe Cyclonic Storm,5,False,FY2-E,28.0
HUD_20141010_1800.jpg,HUD,2014-10-10T18:00,15.600000381469727,86.29998779296875,968.5,74.9000015258789,138.71480282592773,Very Severe Cyclonic Storm,5,False,MET-7,38.0
HUD_20141010_2100.jpg,HUD,2014-10-10T21:00,15.728750228881836,86.00375366210938,964.75,77.10000610351562,142.78921130371094,Very Severe Cyclonic Storm,5,False,FY2-E,28.0
HUD_20141011_0000.jpg,HUD,2014-10-11T00:00,15.850000381469727,85.70001220703125,961.0,79.30000305175781,146.86360565185547,Very Severe Cyclonic Storm,5,False,FY2-E,29.0
HUD_20141011_0300.jpg,HUD,2014-10-11T03:00,15.986249923706055,85.40249633789062,958.0,85.25,157.883,Very Severe Cyclonic Storm,5,False,FY2-E,29.0
HUD_20141011_0600.jpg,HUD,2014-10-11T06:00,16.100000381469727,85.14999389648438,955.0,91.19999694824219,168.90239434814453,Extremely Severe Cyclonic Storm,6,False,FY2-E,29.0
HUD_20141011_0900.jpg,HUD,2014-10-11T09:00,16.142499923706055,84.9737548828125,952.25,94.64999389648438,175.29178869628907,Extremely Severe Cyclonic Storm,6,False,FY2-E,29.0
HUD_20141011_1200.jpg,HUD,2014-10-11T12:00,16.200000762939453,84.85000610351562,949.5,98.0999984741211,181.68119717407228,Extremely Severe Cyclonic Storm,6,False,FY2-E,29.0
HUD_20141011_1500.jpg,HUD,2014-10-11T15:00,16.337499618530273,84.7650146484375,947.5,99.3499984741211,183.99619717407228,Extremely Severe Cyclonic Storm,6,False,FY2-E,30.0
HUD_20141011_1800.jpg,HUD,2014-10-11T18:00,16.549999237060547,84.64999389648438,945.5,100.5999984741211,186.31119717407228,Extremely Severe Cyclonic Storm,6,False,MET-7,37.0
HUD_20141011_2100.jpg,HUD,2014-10-11T21:00,16.842500686645508,84.44125366210938,944.5,100.5999984741211,186.31119717407228,Extremely Severe Cyclonic Storm,6,False,FY2-E,30.0
HUD_20141012_0000.jpg,HUD,2014-10-12T00:00,17.150001525878906,84.14999389648438,943.5,100.5999984741211,186.31119717407228,Extremely Severe Cyclonic Storm,6,False,FY2-E,31.0
HUD_20141012_0300.jpg,HUD,2014-10-12T03:00,17.39000129699707,83.78250122070312,943.5,100.5999984741211,186.31119717407228,Extremely Severe Cyclonic Storm,6,False,FY2-E,31.0
HUD_20141012_0600.jpg,HUD,2014-10-12T06:00,17.600000381469727,83.39999389648438,943.5,100.5999984741211,186.31119717407228,Extremely Severe Cyclonic Storm,6,False,FY2-E,32.0
HUD_20141012_0900.jpg,HUD,2014-10-12T09:00,17.77750015258789,83.08502197265625,953.25,88.39999389648438,163.71678869628906,Very Severe Cyclonic Storm,5,False,FY2-E,32.0
HUD_20141012_1200.jpg,HUD,2014-10-12T12:00,18.0,82.79998779296875,963.0,76.19999694824219,141.12239434814452,Very Severe Cyclonic Storm,5,False,FY2-E,33.0
HUD_20141012_1500.jpg,HUD,2014-10-12T15:00,18.335893630981445,82.53302001953125,969.0,65.69999694824219,121.67639434814454,Very Severe Cyclonic Storm,5,False,FY2-E,33.0
HUD_20141012_1800.jpg,HUD,2014-10-12T18:00,18.75,82.25,975.0,55.20000076293945,102.23040141296387,Severe Cyclonic Storm,4,False,MET-7,36.0
HUD_20141012_2100.jpg,HUD,2014-10-12T21:00,19.182321548461914,81.8634033203125,981.5,47.20000076293945,87.41440141296387,Cyclonic Storm,3,False,FY2-E,34.0
HUD_20141013_0000.jpg,HUD,2014-10-13T00:00,19.671428680419922,81.5428466796875,988.0,39.20000076293945,72.59840141296387,Cyclonic Storm,3,False,FY2-E,35.0
HUD_20141013_0300.jpg,HUD,2014-10-13T03:00,20.25682258605957,81.4345703125,991.75,35.900001525878906,66.48680282592774,Cyclonic Storm,3,False,FY2-E,35.0
HUD_20141013_0600.jpg,HUD,2014-10-13T06:00,20.80000114440918,81.433349609375,995.5,32.599998474121094,60.37519717407227,Deep Depression,2,False,FY2-E,36.0
HUD_20141013_0900.jpg,HUD,2014-10-13T09:00,21.1401424407959,81.4239501953125,997.25,29.149999618530273,53.98579929351807,Deep Depression,2,False,FY2-E,36.0
HUD_20141013_1200.jpg,HUD,2014-10-13T12:00,21.439998626708984,81.44000244140625,999.0,25.700000762939453,47.59640141296387,Depression,1,False,FY2-E,36.0
HUD_20141013_1500.jpg,HUD,2014-10-13T15:00,21.730499267578125,81.47052001953125,999.5,25.350000381469727,46.948200706481934,Depression,1,False,FY2-E,36.0
HUD_20141013_1800.jpg,HUD,2014-10-13T18:00,22.299999237060547,81.5,1000.0,25.0,46.300000000000004,Depression,1,False,MET-7,38.0
HUD_20141013_2100.jpg,HUD,2014-10-13T21:00,23.55449867248535,81.489501953125,1000.0,25.0,46.300000000000004,Depression,1,False,FY2-E,38.0
HUD_20141014_0000.jpg,HUD,2014-10-14T00:00,24.799997329711914,81.5,1000.0,25.0,46.300000000000004,Depression,1,False,FY2-E,39.0
HUD_20141014_0300.jpg,HUD,2014-10-14T03:00,25.282499313354492,81.58499145507812,1000.0,22.5,41.67,Depression,1,False,FY2-E,39.0
HUD_20141014_0600.jpg,HUD,2014-10-14T06:00,25.600000381469727,81.70001220703125,1000.0,20.0,37.04,Depression,1,False,FY2-E,39.0
HUD_20141014_0900.jpg,HUD,2014-10-14T09:00,26.197500228881836,81.80499267578125,1000.0,20.0,37.04,Depression,1,False,FY2-E,40.0
HUD_20141014_1200.jpg,HUD,2014-10-14T12:00,26.999998092651367,81.9000244140625,1000.0,20.0,37.04,Depression,1,False,FY2-E,40.0
NILOFAR_20141023_1200.jpg,NILOFAR,2014-10-23T12:00,10.800000190734863,62.100006103515625,1010.0,13.199999809265137,24.446399646759033,Low Pressure Area,0,False,MET-7,14.0
NILOFAR_20141023_1500.jpg,NILOFAR,2014-10-23T15:00,10.96250057220459,61.9425048828125,1010.0,13.199999809265137,24.446399646759033,Low Pressure Area,0,False,MET-7,14.0
NILOFAR_20141023_1800.jpg,NILOFAR,2014-10-23T18:00,11.100000381469727,61.80000305175781,1010.0,13.199999809265137,24.446399646759033,Low Pressure Area,0,False,MET-7,14.0
NILOFAR_20141023_2100.jpg,NILOFAR,2014-10-23T21:00,11.200000762939453,61.68499755859375,1008.5,15.399999618530273,28.520799293518067,Low Pressure Area,0,False,MET-7,14.0
NILOFAR_20141024_0000.jpg,NILOFAR,2014-10-24T00:00,11.300000190734863,61.59999084472656,1007.0,17.600000381469727,32.59520070648193,Depression,1,False,MET-7,14.0
NILOFAR_20141024_0300.jpg,NILOFAR,2014-10-24T03:00,11.450000762939453,61.519989013671875,1007.0,17.600000381469727,32.59520070648193,Depression,1,False,MET-7,15.0
NILOFAR_20141024_0600.jpg,NILOFAR,2014-10-24T06:00,11.600000381469727,61.5,1007.0,17.600000381469727,32.59520070648193,Depression,1,False,MET-7,15.0
NILOFAR_20141024_0900.jpg,NILOFAR,2014-10-24T09:00,11.707500457763672,61.57000732421875,1007.0,17.600000381469727,32.59520070648193,Depression,1,False,MET-7,15.0
NILOFAR_20141024_1200.jpg,NILOFAR,2014-10-24T12:00,11.800000190734863,61.69999694824219,1007.0,17.600000381469727,32.59520070648193,Depression,1,False,MET-7,15.0
NILOFAR_20141024_1500.jpg,NILOFAR,2014-10-24T15:00,11.88949966430664,61.8544921875,1005.5,19.799999237060547,36.669598587036134,Depression,1,False,MET-7,15.0
NILOFAR_20141024_1800.jpg,NILOFAR,2014-10-24T18:00,12.0,62.0,1004.0,22.0,40.744,Depression,1,False,MET-7,15.0
NILOFAR_20141024_2100.jpg,NILOFAR,2014-10-24T21:00,12.152999877929688,62.09550476074219,1003.0,23.850000381469727,44.170200706481936,Depression,1,False,MET-7,16.0
NILOFAR_20141025_0000.jpg,NILOFAR,2014-10-25T00:00,12.34000015258789,62.13999938964844,1002.0,25.700000762939453,47.59640141296387,Depression,1,False,MET-7,16.0
NILOFAR_20141025_0300.jpg,NILOFAR,2014-10-25T03:00,12.539904594421387,62.1358642578125,1002.0,25.700000762939453,47.59640141296387,Depression,1,False,MET-7,16.0
NILOFAR_20141025_0600.jpg,NILOFAR,2014-10-25T06:00,12.766666412353516,62.100006103515625,1002.0,25.700000762939453,47.59640141296387,Depression,1,False,MET-7,16.0
NILOFAR_20141025_0900.jpg,NILOFAR,2014-10-25T09:00,13.045868873596191,62.06343078613281,1000.75,26.799999237060547,49.63359858703613,Depression,1,False,MET-7,16.0
NILOFAR_20141025_1200.jpg,NILOFAR,2014-10-25T12:00,13.285714149475098,62.028564453125,999.5,27.899999618530273,51.670799293518066,Deep Depression,2,False,MET-7,17.0
NILOFAR_20141025_1500.jpg,NILOFAR,2014-10-25T15:00,13.361785888671875,61.971435546875,999.5,27.899999618530273,51.670799293518066,Deep Depression,2,False,MET-7,17.0
NILOFAR_20141025_1800.jpg,NILOFAR,2014-10-25T18:00,13.449999809265137,62.0,999.5,27.899999618530273,51.670799293518066,Deep Depression,2,False,MET-7,17.0
NILOFAR_20141025_2100.jpg,NILOFAR,2014-10-25T21:00,13.75482177734375,62.24786376953125,998.5,29.0,53.708000000000006,Deep Depression,2,False,MET-7,17.0
NILOFAR_20141026_0000.jpg,NILOFAR,2014-10-26T00:00,14.050000190734863,62.5,997.5,30.100000381469727,55.74520070648194,Deep Depression,2,False,MET-7,18.0
NILOFAR_20141026_0300.jpg,NILOFAR,2014-10-26T03:00,14.137499809265137,62.537506103515625,995.5,33.70000076293945,62.412401412963874,Cyclonic Storm,3,False,MET-7,18.0
NILOFAR_20141026_0600.jpg,NILOFAR,2014-10-26T06:00,14.149999618530273,62.5,993.5,37.29999923706055,69.07959858703613,Cyclonic Storm,3,False,MET-7,18.0
NILOFAR_20141026_0900.jpg,NILOFAR,2014-10-26T09:00,14.192500114440918,62.503753662109375,990.75,40.75,75.46900000000001,Cyclonic Storm,3,False,MET-7,18.0
NILOFAR_20141026_1200.jpg,NILOFAR,2014-10-26T12:00,14.25,62.5,988.0,44.20000076293945,81.85840141296387,Cyclonic Storm,3,False,MET-7,18.0
NILOFAR_20141026_1500.jpg,NILOFAR,2014-10-26T15:00,14.335000038146973,62.478759765625,988.0,45.45000076293945,84.17340141296387,Cyclonic Storm,3,False,MET-7,18.0
NILOFAR_20141026_1800.jpg,NILOFAR,2014-10-26T18:00,14.449999809265137,62.44999694824219,988.0,46.70000076293945,86.48840141296387,Cyclonic Storm,3,False,MET-7,18.0
NILOFAR_20141026_2100.jpg,NILOFAR,2014-10-26T21:00,14.607500076293945,62.4324951171875,985.0,51.400001525878906,95.19280282592774,Severe Cyclonic Storm,4,False,MET-7,18.0
NILOFAR_20141027_0000.jpg,NILOFAR,2014-10-27T00:00,14.75,62.399993896484375,982.0,56.099998474121094,103.89719717407228,Severe Cyclonic Storm,4,False,MET-7,18.0
NILOFAR_20141027_0300.jpg,NILOFAR,2014-10-27T03:00,14.811250686645508,62.32875061035156,980.0,59.69999694824219,110.56439434814453,Severe Cyclonic Storm,4,False,MET-7,19.0
NILOFAR_20141027_0600.jpg,NILOFAR,2014-10-27T06:00,14.850000381469727,62.25,978.0,63.29999923706055,117.23159858703613,Severe Cyclonic Storm,4,False,MET-7,19.0
NILOFAR_20141027_0900.jpg,NILOFAR,2014-10-27T09:00,14.917500495910645,62.196258544921875,975.25,66.75,123.62100000000001,Very Severe Cyclonic Storm,5,False,MET-7,19.0
NILOFAR_20141027_1200.jpg,NILOFAR,2014-10-27T12:00,15.0,62.149993896484375,972.5,70.19999694824219,130.01039434814453,Very Severe Cyclonic Storm,5,False,MET-7,19.0
NILOFAR_20141027_1500.jpg,NILOFAR,2014-10-27T15:00,15.081250190734863,62.11500549316406,970.25,72.39999389648438,134.08478869628908,Very Severe Cyclonic Storm,5,False,MET-7,19.0
NILOFAR_20141027_1800.jpg,NILOFAR,2014-10-27T18:00,15.200000762939453,62.05000305175781,968.0,74.5999984741211,138.15919717407226,Very Severe Cyclonic Storm,5,False,MET-7,19.0
NILOFAR_20141027_2100.jpg,NILOFAR,2014-10-27T21:00,15.388751029968262,61.899993896484375,966.5,76.94999694824219,142.51139434814453,Very Severe Cyclonic Storm,5,False,MET-7,19.0
NILOFAR_20141028_0000.jpg,NILOFAR,2014-10-28T00:00,15.600000381469727,61.75,965.0,79.30000305175781,146.86360565185547,Very Severe Cyclonic Storm,5,False,MET-7,19.0
NILOFAR_20141028_0300.jpg,NILOFAR,2014-10-28T03:00,15.744999885559082,61.666259765625,963.0,81.6500015258789,151.21580282592774,Very Severe Cyclonic Storm,5,False,MET-7,19.0
NILOFAR_20141028_0600.jpg,NILOFAR,2014-10-28T06:00,15.949999809265137,61.649993896484375,961.0,84.0,155.568,Very Severe Cyclonic Storm,5,False,MET-7,20.0
NILOFAR_20141028_0900.jpg,NILOFAR,2014-10-28T09:00,16.30875015258789,61.725006103515625,953.25,92.30000305175781,170.9396056518555,Extremely Severe Cyclonic Storm,6,False,MET-7,20.0
NILOFAR_20141028_1200.jpg,NILOFAR,2014-10-28T12:00,16.75,61.80000305175781,945.5,100.5999984741211,186.31119717407228,Extremely Severe Cyclonic Storm,6,False,MET-7,21.0
NILOFAR_20141028_1500.jpg,NILOFAR,2014-10-28T15:00,17.22625160217285,61.753753662109375,944.5,103.0999984741211,190.94119717407227,Extremely Severe Cyclonic Storm,6,False,MET-7,21.0
NILOFAR_20141028_1800.jpg,NILOFAR,2014-10-28T18:00,17.650001525878906,61.69999694824219,943.5,105.5999984741211,195.57119717407227,Extremely Severe Cyclonic Storm,6,False,MET-7,21.0
NILOFAR_20141028_2100.jpg,NILOFAR,2014-10-28T21:00,17.89750099182129,61.73500061035156,946.25,102.14999389648438,189.18178869628906,Extremely Severe Cyclonic Storm,6,False,MET-7,22.0
NILOFAR_20141029_0000.jpg,NILOFAR,2014-10-29T00:00,18.100000381469727,61.80000305175781,949.0,98.69999694824219,182.79239434814454,Extremely Severe Cyclonic Storm,6,False,MET-7,22.0
NILOFAR_20141029_0300.jpg,NILOFAR,2014-10-29T03:00,18.411251068115234,61.834991455078125,953.0,94.0,174.08800000000002,Extremely Severe Cyclonic Storm,6,False,MET-7,22.0
NILOFAR_20141029_0600.jpg,NILOFAR,2014-10-29T06:00,18.700000762939453,61.899993896484375,957.0,89.30000305175781,165.38360565185548,Very Severe Cyclonic Storm,5,False,MET-7,23.0
NILOFAR_20141029_0900.jpg,NILOFAR,2014-10-29T09:00,18.876251220703125,62.008758544921875,962.75,82.25,152.327,Very Severe Cyclonic Storm,5,False,MET-7,23.0
NILOFAR_20141029_1200.jpg,NILOFAR,2014-10-29T12:00,19.0,62.19999694824219,968.5,75.19999694824219,139.27039434814455,Very Severe Cyclonic Storm,5,False,MET-7,23.0
NILOFAR_20141029_1500.jpg,NILOFAR,2014-10-29T15:00,19.125,62.4949951171875,973.25,70.5,130.566,Very Severe Cyclonic Storm,5,False,MET-7,23.0
NILOFAR_20141029_1800.jpg,NILOFAR,2014-10-29T18:00,19.25,62.850006103515625,978.0,65.80000305175781,121.86160565185547,Very Severe Cyclonic Storm,5,False,MET-7,24.0
NILOFAR_20141029_2100.jpg,NILOFAR,2014-10-29T21:00,19.381250381469727,63.20375061035156,981.0,61.10000228881836,113.15720423889161,Severe Cyclonic Storm,4,False,MET-7,24.0
NILOFAR_20141030_0000.jpg,NILOFAR,2014-10-30T00:00,19.549999237060547,63.55000305175781,984.0,56.400001525878906,104.45280282592773,Severe Cyclonic Storm,4,False,MET-7,24.0
NILOFAR_20141030_0300.jpg,NILOFAR,2014-10-30T03:00,19.810176849365234,63.87303161621094,987.75,50.45000076293945,93.43340141296387,Severe Cyclonic Storm,4,False,MET-7,25.0
NILOFAR_20141030_0600.jpg,NILOFAR,2014-10-30T06:00,20.049999237060547,64.14999389648438,991.5,44.5,82.414,Cyclonic Storm,3,False,MET-7,25.0
NILOFAR_20141030_0900.jpg,NILOFAR,2014-10-30T09:00,20.150712966918945,64.3746337890625,993.25,42.150001525878906,78.06180282592774,Cyclonic Storm,3,False,MET-7,25.0
NILOFAR_20141030_1200.jpg,NILOFAR,2014-10-30T12:00,20.214284896850586,64.5428466796875,995.0,39.79999923706055,73.70959858703614,Cyclonic Storm,3,False,MET-7,25.0
NILOFAR_20141030_1500.jpg,NILOFAR,2014-10-30T15:00,20.335296630859375,64.66522216796875,997.0,36.349998474121094,67.32019717407226,Cyclonic Storm,3,False,MET-7,25.0
NILOFAR_20141030_1800.jpg,NILOFAR,2014-10-30T18:00,20.46666717529297,64.76666259765625,999.0,32.900001525878906,60.930802825927735,Deep Depression,2,False,MET-7,26.0
NILOFAR_20141030_2100.jpg,NILOFAR,2014-10-30T21:00,20.579763412475586,64.90411376953125,1000.5,29.30000114440918,54.26360211944581,Deep Depression,2,False,MET-7,26.0
NILOFAR_20141031_0000.jpg,NILOFAR,2014-10-31T00:00,20.700000762939453,65.02000427246094,1002.0,25.700000762939453,47.59640141296387,Depression,1,False,MET-7,26.0
NILOFAR_20141031_0300.jpg,NILOFAR,2014-10-31T03:00,20.837499618530273,65.08650207519531,1003.0,23.850000381469727,44.170200706481936,Depression,1,False,MET-7,26.0
NILOFAR_20141031_0600.jpg,NILOFAR,2014-10-31T06:00,21.0,65.10000610351562,1004.0,22.0,40.744,Depression,1,False,MET-7,26.0
NILOFAR_20141031_0900.jpg,NILOFAR,2014-10-31T09:00,21.19999885559082,65.0784912109375,1004.0,22.0,40.744,Depression,1,False,MET-7,27.0
NILOFAR_20141031_1200.jpg,NILOFAR,2014-10-31T12:00,21.399999618530273,65.0,1004.0,22.0,40.744,Depression,1,False,MET-7,27.0
NILOFAR_20141031_1500.jpg,NILOFAR,2014-10-31T15:00,21.579999923706055,64.8800048828125,1005.5,19.799999237060547,36.669598587036134,Depression,1,False,MET-7,27.0
NILOFAR_20141031_1800.jpg,NILOFAR,2014-10-31T18:00,21.700000762939453,64.69999694824219,1007.0,17.600000381469727,32.59520070648193,Depression,1,False,MET-7,27.0
NILOFAR_20141031_2100.jpg,NILOFAR,2014-10-31T21:00,21.722501754760742,64.45748901367188,1007.0,17.600000381469727,32.59520070648193,Depression,1,False,MET-7,27.0
NILOFAR_20141101_0000.jpg,NILOFAR,2014-11-01T00:00,21.700002670288086,64.19999694824219,1007.0,17.600000381469727,32.59520070648193,Depression,1,False,MET-7,27.0
NILOFAR_20141101_0300.jpg,NILOFAR,2014-11-01T03:00,21.700002670288086,64.0,1007.0,17.600000381469727,32.59520070648193,Depression,1,False,MET-7,27.0
NILOFAR_20141101_0600.jpg,NILOFAR,2014-11-01T06:00,21.700000762939453,63.80000305175781,1007.0,17.600000381469727,32.59520070648193,Depression,1,False,MET-7,27.0
NILOFAR_20141101_0900.jpg,NILOFAR,2014-11-01T09:00,21.700000762939453,63.5625,1008.5,15.399999618530273,28.520799293518067,Low Pressure Area,0,False,MET-7,27.0
NILOFAR_20141101_1200.jpg,NILOFAR,2014-11-01T12:00,21.700000762939453,63.30000305175781,1010.0,13.199999809265137,24.446399646759033,Low Pressure Area,0,False,MET-7,27.0
KOMEN_20150726_0000.jpg,KOMEN,2015-07-26T00:00,22.0,90.79998779296875,994.0,20.0,37.04,Depression,1,False,MET-7,46.0
KOMEN_20150726_0300.jpg,KOMEN,2015-07-26T03:00,22.0,90.6199951171875,994.0,20.0,37.04,Depression,1,False,MET-7,46.0
KOMEN_20150726_0600.jpg,KOMEN,2015-07-26T06:00,22.0,90.5,994.0,20.0,37.04,Depression,1,False,MET-7,46.0
KOMEN_20150726_0900.jpg,KOMEN,2015-07-26T09:00,22.0,90.47750854492188,994.0,20.0,37.04,Depression,1,False,MET-7,46.0
KOMEN_20150726_1200.jpg,KOMEN,2015-07-26T12:00,22.0,90.5,994.0,20.0,37.04,Depression,1,False,MET-7,46.0
KOMEN_20150726_1500.jpg,KOMEN,2015-07-26T15:00,22.0,90.5,994.0,20.0,37.04,Depression,1,False,MET-7,46.0
KOMEN_20150726_1800.jpg,KOMEN,2015-07-26T18:00,22.0,90.5,994.0,20.0,37.04,Depression,1,False,MET-7,46.0
KOMEN_20150726_2100.jpg,KOMEN,2015-07-26T21:00,22.0,90.5,994.0,20.0,37.04,Depression,1,False,MET-7,46.0
KOMEN_20150727_0000.jpg,KOMEN,2015-07-27T00:00,22.0,90.5,994.0,20.0,37.04,Depression,1,False,MET-7,46.0
KOMEN_20150727_0300.jpg,KOMEN,2015-07-27T03:00,22.0,90.5,994.0,22.5,41.67,Depression,1,False,MET-7,46.0
KOMEN_20150727_0600.jpg,KOMEN,2015-07-27T06:00,22.0,90.5,994.0,25.0,46.300000000000004,Depression,1,False,MET-7,46.0
KOMEN_20150727_0900.jpg,KOMEN,2015-07-27T09:00,22.0,90.5,994.0,25.0,46.300000000000004,Depression,1,False,MET-7,46.0
KOMEN_20150727_1200.jpg,KOMEN,2015-07-27T12:00,22.0,90.5,994.0,25.0,46.300000000000004,Depression,1,False,MET-7,46.0
KOMEN_20150727_1500.jpg,KOMEN,2015-07-27T15:00,22.0,90.5,994.0,25.0,46.300000000000004,Depression,1,False,MET-7,46.0
KOMEN_20150727_1800.jpg,KOMEN,2015-07-27T18:00,22.0,90.5,994.0,25.0,46.300000000000004,Depression,1,False,MET-7,46.0
KOMEN_20150727_2100.jpg,KOMEN,2015-07-27T21:00,22.0314998626709,90.50750732421875,994.0,25.0,46.300000000000004,Depression,1,False,MET-7,46.0
KOMEN_20150728_0000.jpg,KOMEN,2015-07-28T00:00,22.0,90.5,994.0,25.0,46.300000000000004,Depression,1,False,MET-7,46.0
KOMEN_20150728_0300.jpg,KOMEN,2015-07-28T03:00,21.80849838256836,90.45001220703125,994.5,24.25,44.911,Depression,1,False,MET-7,46.0
KOMEN_20150728_0600.jpg,KOMEN,2015-07-28T06:00,21.579998016357422,90.39999389648438,995.0,23.5,43.522000000000006,Depression,1,False,MET-7,45.0
KOMEN_20150728_0900.jpg,KOMEN,2015-07-28T09:00,21.43730926513672,90.36141967773438,996.0,24.600000381469727,45.55920070648194,Depression,1,False,MET-7,45.0
KOMEN_20150728_1200.jpg,KOMEN,2015-07-28T12:00,21.33333396911621,90.39999389648438,997.0,25.700000762939453,47.59640141296387,Depression,1,False,MET-7,45.0
KOMEN_20150728_1500.jpg,KOMEN,2015-07-28T15:00,21.25048828125,90.585693359375,995.25,25.700000762939453,47.59640141296387,Depression,1,False,MET-7,45.0
KOMEN_20150728_1800.jpg,KOMEN,2015-07-28T18:00,21.171428680419922,90.81427001953125,993.5,25.700000762939453,47.59640141296387,Depression,1,False,MET-7,46.0
KOMEN_20150728_2100.jpg,KOMEN,2015-07-28T21:00,21.037321090698242,90.98446655273438,993.25,28.049999237060547,51.94859858703614,Deep Depression,2,False,MET-7,46.0
KOMEN_20150729_0000.jpg,KOMEN,2015-07-29T00:00,20.950000762939453,91.10000610351562,993.0,30.399999618530273,56.30079929351807,Deep Depression,2,False,MET-7,46.0
KOMEN_20150729_0300.jpg,KOMEN,2015-07-29T03:00,20.989643096923828,91.13519287109375,993.0,30.399999618530273,56.30079929351807,Deep Depression,2,False,MET-7,46.0
KOMEN_20150729_0600.jpg,KOMEN,2015-07-29T06:00,21.100000381469727,91.14999389648438,993.0,30.399999618530273,56.30079929351807,Deep Depression,2,False,MET-7,46.0
KOMEN_20150729_0900.jpg,KOMEN,2015-07-29T09:00,21.225000381469727,91.22500610351562,991.75,31.5,58.338,Deep Depression,2,False,MET-7,46.0
KOMEN_20150729_1200.jpg,KOMEN,2015-07-29T12:00,21.350000381469727,91.29998779296875,990.5,32.599998474121094,60.37519717407227,Deep Depression,2,False,MET-7,46.0
KOMEN_20150729_1500.jpg,KOMEN,2015-07-29T15:00,21.4325008392334,91.32876586914062,990.0,33.849998474121094,62.69019717407227,Cyclonic Storm,3,False,MET-7,46.0
KOMEN_20150729_1800.jpg,KOMEN,2015-07-29T18:00,21.5,91.35000610351562,989.5,35.099998474121094,65.00519717407226,Cyclonic Storm,3,False,MET-7,46.0
KOMEN_20150729_2100.jpg,KOMEN,2015-07-29T21:00,21.556251525878906,91.39999389648438,988.5,36.19999694824219,67.04239434814454,Cyclonic Storm,3,False,MET-7,46.0
KOMEN_20150730_0000.jpg,KOMEN,2015-07-30T00:00,21.650001525878906,91.45001220703125,987.5,37.29999923706055,69.07959858703613,Cyclonic Storm,3,False,MET-7,46.0
KOMEN_20150730_0300.jpg,KOMEN,2015-07-30T03:00,21.844642639160156,91.48678588867188,987.5,38.54999923706055,71.39459858703614,Cyclonic Storm,3,False,MET-7,47.0
KOMEN_20150730_0600.jpg,KOMEN,2015-07-30T06:00,22.049999237060547,91.5,987.5,39.79999923706055,73.70959858703614,Cyclonic Storm,3,False,MET-7,47.0
KOMEN_20150730_0900.jpg,KOMEN,2015-07-30T09:00,22.156070709228516,91.493408203125,989.0,37.44999694824219,69.35739434814454,Cyclonic Storm,3,False,MET-7,47.0
KOMEN_20150730_1200.jpg,KOMEN,2015-07-30T12:00,22.271427154541016,91.44287109375,990.5,35.099998474121094,65.00519717407226,Cyclonic Storm,3,False,MET-7,47.0
KOMEN_20150730_1500.jpg,KOMEN,2015-07-30T15:00,22.49298667907715,91.39364624023438,991.25,34.0,62.968,Cyclonic Storm,3,False,MET-7,47.0
KOMEN_20150730_1800.jpg,KOMEN,2015-07-30T18:00,22.73333168029785,91.20001220703125,992.0,32.900001525878906,60.930802825927735,Deep Depression,2,False,MET-7,47.0
KOMEN_20150730_2100.jpg,KOMEN,2015-07-30T21:00,22.939807891845703,90.70028686523438,993.5,30.55000114440918,56.578602119445804,Deep Depression,2,False,MET-7,46.0
KOMEN_20150731_0000.jpg,KOMEN,2015-07-31T00:00,23.079999923706055,90.17999267578125,995.0,28.200000762939453,52.22640141296387,Deep Depression,2,False,MET-7,46.0
KOMEN_20150731_0300.jpg,KOMEN,2015-07-31T03:00,23.11600112915039,89.93600463867188,993.5,29.100000381469727,53.893200706481935,Deep Depression,2,False,MET-7,46.0
KOMEN_20150731_0600.jpg,KOMEN,2015-07-31T06:00,23.100000381469727,89.79998779296875,992.0,30.0,55.56,Deep Depression,2,False,MET-7,46.0
KOMEN_20150731_0900.jpg,KOMEN,2015-07-31T09:00,23.101499557495117,89.62899780273438,993.0,27.5,50.93,Deep Depression,2,False,MET-7,46.0
KOMEN_20150731_1200.jpg,KOMEN,2015-07-31T12:00,23.100000381469727,89.5,994.0,25.0,46.300000000000004,Depression,1,False,MET-7,45.0
KOMEN_20150731_1500.jpg,KOMEN,2015-07-31T15:00,23.092500686645508,89.4425048828125,994.0,25.0,46.300000000000004,Depression,1,False,MET-7,45.0
KOMEN_20150731_1800.jpg,KOMEN,2015-07-31T18:00,23.100000381469727,89.39999389648438,994.0,25.0,46.300000000000004,Depression,1,False,MET-7,45.0
KOMEN_20150731_2100.jpg,KOMEN,2015-07-31T21:00,23.127500534057617,89.322509765625,994.0,22.5,41.67,Depression,1,False,HIM-8,63.0
KOMEN_20150801_0000.jpg,KOMEN,2015-08-01T00:00,23.200000762939453,89.20001220703125,994.0,20.0,37.04,Depression,1,False,MET-7,45.0
KOMEN_20150801_0300.jpg,KOMEN,2015-08-01T03:00,23.33500099182129,89.0150146484375,994.0,20.0,37.04,Depression,1,False,MET-7,45.0
KOMEN_20150801_0600.jpg,KOMEN,2015-08-01T06:00,23.5,88.79998779296875,994.0,20.0,37.04,Depression,1,False,MET-7,45.0
KOMEN_20150801_0900.jpg,KOMEN,2015-08-01T09:00,23.67249870300293,88.63751220703125,994.0,20.0,37.04,Depression,1,False,MET-7,45.0
KOMEN_20150801_1200.jpg,KOMEN,2015-08-01T12:00,23.799999237060547,88.39999389648438,994.0,20.0,37.04,Depression,1,False,MET-7,45.0
KOMEN_20150801_1500.jpg,KOMEN,2015-08-01T15:00,23.822500228881836,87.98001098632812,994.0,20.0,37.04,Depression,1,False,MET-7,45.0
KOMEN_20150801_1800.jpg,KOMEN,2015-08-01T18:00,23.799999237060547,87.5,994.0,20.0,37.04,Depression,1,False,MET-7,44.0
KOMEN_20150801_2100.jpg,KOMEN,2015-08-01T21:00,23.83749771118164,87.10748291015625,995.0,20.0,37.04,Depression,1,False,MET-7,44.0
KOMEN_20150802_0000.jpg,KOMEN,2015-08-02T00:00,23.799997329711914,86.69998168945312,996.0,20.0,37.04,Depression,1,False,MET-7,44.0
KOMEN_20150802_0300.jpg,KOMEN,2015-08-02T03:00,23.579998016357422,86.16998291015625,996.0,20.0,37.04,Depression,1,False,MET-7,43.0
KOMEN_20150802_0600.jpg,KOMEN,2015-08-02T06:00,23.299999237060547,85.70001220703125,996.0,20.0,37.04,Depression,1,False,MET-7,42.0
KOMEN_20150802_0900.jpg,KOMEN,2015-08-02T09:00,23.07750129699707,85.43499755859375,996.0,20.0,37.04,Depression,1,False,MET-7,42.0
KOMEN_20150802_1200.jpg,KOMEN,2015-08-02T12:00,22.900001525878906,85.29998779296875,996.0,20.0,37.04,Depression,1,False,MET-7,42.0
CHAPALA_20151027_1200.jpg,CHAPALA,2015-10-27T12:00,10.699999809265137,65.10000610351562,1004.0,22.0,40.744,Depression,1,False,MET-7,16.0
CHAPALA_20151027_1500.jpg,CHAPALA,2015-10-27T15:00,10.888500213623047,65.00601196289062,1004.0,22.0,40.744,Depression,1,False,MET-7,16.0
CHAPALA_20151027_1800.jpg,CHAPALA,2015-10-27T18:00,11.100000381469727,64.89999389648438,1004.0,22.0,40.744,Depression,1,False,MET-7,16.0
CHAPALA_20151027_2100.jpg,CHAPALA,2015-10-27T21:00,11.347001075744629,64.78199768066406,1002.0,24.200000762939453,44.81840141296387,Depression,1,False,MET-7,16.0
CHAPALA_20151028_0000.jpg,CHAPALA,2015-10-28T00:00,11.600001335144043,64.69999694824219,1000.0,26.399999618530273,48.89279929351807,Depression,1,False,MET-7,16.0
CHAPALA_20151028_0300.jpg,CHAPALA,2015-10-28T03:00,11.808000564575195,64.697998046875,1000.0,27.149999618530273,50.28179929351807,Deep Depression,2,False,MET-7,17.0
CHAPALA_20151028_0600.jpg,CHAPALA,2015-10-28T06:00,12.039999961853027,64.739990234375,1000.0,27.899999618530273,51.670799293518066,Deep Depression,2,False,MET-7,17.0
CHAPALA_20151028_0900.jpg,CHAPALA,2015-10-28T09:00,12.376214027404785,64.803955078125,997.5,31.349998474121094,58.06019717407227,Deep Depression,2,False,MET-7,17.0
CHAPALA_20151028_1200.jpg,CHAPALA,2015-10-28T12:00,12.699999809265137,64.83334350585938,995.0,34.79999923706055,64.44959858703614,Cyclonic Storm,3,False,MET-7,18.0
CHAPALA_20151028_1500.jpg,CHAPALA,2015-10-28T15:00,12.891107559204102,64.77456665039062,995.0,34.79999923706055,64.44959858703614,Cyclonic Storm,3,False,MET-7,18.0
CHAPALA_20151028_1800.jpg,CHAPALA,2015-10-28T18:00,13.057143211364746,64.64285278320312,995.0,34.79999923706055,64.44959858703614,Cyclonic Storm,3,False,MET-7,18.0
CHAPALA_20151028_2100.jpg,CHAPALA,2015-10-28T21:00,13.307856559753418,64.46963500976562,993.5,37.150001525878906,68.80180282592774,Cyclonic Storm,3,False,MET-7,18.0
CHAPALA_20151029_0000.jpg,CHAPALA,2015-10-29T00:00,13.549999237060547,64.25,992.0,39.5,73.15400000000001,Cyclonic Storm,3,False,MET-7,18.0
CHAPALA_20151029_0300.jpg,CHAPALA,2015-10-29T03:00,13.71446418762207,64.01177978515625,990.5,43.099998474121094,79.82119717407227,Cyclonic Storm,3,False,MET-7,18.0
CHAPALA_20151029_0600.jpg,CHAPALA,2015-10-29T06:00,13.850000381469727,63.75,989.0,46.70000076293945,86.48840141296387,Cyclonic Storm,3,False,MET-7,18.0
CHAPALA_20151029_0900.jpg,CHAPALA,2015-10-29T09:00,14.015000343322754,63.493743896484375,985.5,51.400001525878906,95.19280282592774,Severe Cyclonic Storm,4,False,MET-7,18.0
CHAPALA_20151029_1200.jpg,CHAPALA,2015-10-29T12:00,14.149999618530273,63.19999694824219,982.0,56.099998474121094,103.89719717407228,Severe Cyclonic Storm,4,False,MET-7,18.0
CHAPALA_20151029_1500.jpg,CHAPALA,2015-10-29T15:00,14.22249984741211,62.83250427246094,977.75,61.89999771118164,114.6387957611084,Severe Cyclonic Storm,4,False,MET-7,18.0
CHAPALA_20151029_1800.jpg,CHAPALA,2015-10-29T18:00,14.25,62.44999694824219,973.5,67.69999694824219,125.38039434814453,Very Severe Cyclonic Storm,5,False,MET-7,18.0
CHAPALA_20151029_2100.jpg,CHAPALA,2015-10-29T21:00,14.261249542236328,62.121246337890625,965.25,78.3499984741211,145.10419717407228,Very Severe Cyclonic Storm,5,False,MET-7,18.0
CHAPALA_20151030_0000.jpg,CHAPALA,2015-10-30T00:00,14.25,61.80000305175781,957.0,89.0,164.828,Very Severe Cyclonic Storm,5,False,MET-7,18.0
CHAPALA_20151030_0300.jpg,CHAPALA,2015-10-30T03:00,14.236250877380371,61.438751220703125,947.0,100.5999984741211,186.31119717407228,Extremely Severe Cyclonic Storm,6,False,MET-7,18.0
CHAPALA_20151030_0600.jpg,CHAPALA,2015-10-30T06:00,14.200000762939453,61.100006103515625,937.0,112.19999694824219,207.79439434814455,Extremely Severe Cyclonic Storm,6,False,MET-7,17.0
CHAPALA_20151030_0900.jpg,CHAPALA,2015-10-30T09:00,14.132500648498535,60.83125305175781,935.75,112.3499984741211,208.07219717407227,Extremely Severe Cyclonic Storm,6,False,MET-7,17.0
CHAPALA_20151030_1200.jpg,CHAPALA,2015-10-30T12:00,14.050000190734863,60.600006103515625,934.5,112.5,208.35000000000002,Extremely Severe Cyclonic Storm,6,False,MET-7,17.0
CHAPALA_20151030_1500.jpg,CHAPALA,2015-10-30T15:00,13.967499732971191,60.38250732421875,935.5,111.4000015258789,206.31280282592775,Extremely Severe Cyclonic Storm,6,False,MET-7,17.0
CHAPALA_20151030_1800.jpg,CHAPALA,2015-10-30T18:00,13.899999618530273,60.149993896484375,936.5,110.30000305175781,204.27560565185547,Extremely Severe Cyclonic Storm,6,False,MET-7,17.0
CHAPALA_20151030_2100.jpg,CHAPALA,2015-10-30T21:00,13.867500305175781,59.8800048828125,938.5,107.94999694824219,199.92339434814454,Extremely Severe Cyclonic Storm,6,False,MET-7,17.0
CHAPALA_20151031_0000.jpg,CHAPALA,2015-10-31T00:00,13.850000381469727,59.55000305175781,940.5,105.5999984741211,195.57119717407227,Extremely Severe Cyclonic Storm,6,False,MET-7,17.0
CHAPALA_20151031_0300.jpg,CHAPALA,2015-10-31T03:00,13.821249961853027,59.13999938964844,943.0,103.25,191.21900000000002,Extremely Severe Cyclonic Storm,6,False,MET-7,16.0
CHAPALA_20151031_0600.jpg,CHAPALA,2015-10-31T06:00,13.800000190734863,58.69999694824219,945.5,100.9000015258789,186.86680282592775,Extremely Severe Cyclonic Storm,6,False,MET-7,16.0
CHAPALA_20151031_0900.jpg,CHAPALA,2015-10-31T09:00,13.800000190734863,58.28875732421875,945.5,100.9000015258789,186.86680282592775,Extremely Severe Cyclonic Storm,6,False,MET-7,16.0
CHAPALA_20151031_1200.jpg,CHAPALA,2015-10-31T12:00,13.800000190734863,57.899993896484375,945.5,100.9000015258789,186.86680282592775,Extremely Severe Cyclonic Storm,6,False,MET-7,16.0
CHAPALA_20151031_1500.jpg,CHAPALA,2015-10-31T15:00,13.782500267028809,57.55000305175781,945.5,100.9000015258789,186.86680282592775,Extremely Severe Cyclonic Storm,6,False,MET-7,16.0
CHAPALA_20151031_1800.jpg,CHAPALA,2015-10-31T18:00,13.75,57.19999694824219,945.5,100.9000015258789,186.86680282592775,Extremely Severe Cyclonic Storm,6,False,MET-7,16.0
CHAPALA_20151031_2100.jpg,CHAPALA,2015-10-31T21:00,13.703749656677246,56.80375671386719,944.5,102.0,188.904,Extremely Severe Cyclonic Storm,6,False,MET-7,16.0
CHAPALA_20151101_0000.jpg,CHAPALA,2015-11-01T00:00,13.649999618530273,56.399993896484375,943.5,103.0999984741211,190.94119717407227,Extremely Severe Cyclonic Storm,6,False,MET-7,16.0
CHAPALA_20151101_0300.jpg,CHAPALA,2015-11-01T03:00,13.592499732971191,56.040008544921875,944.5,101.8499984741211,188.62619717407227,Extremely Severe Cyclonic Storm,6,False,MET-7,16.0
CHAPALA_20151101_0600.jpg,CHAPALA,2015-11-01T06:00,13.550000190734863,55.649993896484375,945.5,100.5999984741211,186.31119717407228,Extremely Severe Cyclonic Storm,6,False,MET-7,16.0
CHAPALA_20151101_0900.jpg,CHAPALA,2015-11-01T09:00,13.553750038146973,55.16874694824219,945.0,101.69999694824219,188.34839434814455,Extremely Severe Cyclonic Storm,6,False,MET-7,16.0
CHAPALA_20151101_1200.jpg,CHAPALA,2015-11-01T12:00,13.550000190734863,54.649993896484375,944.5,102.80000305175781,190.38560565185549,Extremely Severe Cyclonic Storm,6,False,MET-7,16.0
CHAPALA_20151101_1500.jpg,CHAPALA,2015-11-01T15:00,13.489999771118164,54.157501220703125,944.5,102.80000305175781,190.38560565185549,Extremely Severe Cyclonic Storm,6,False,MET-7,16.0
CHAPALA_20151101_1800.jpg,CHAPALA,2015-11-01T18:00,13.399999618530273,53.649993896484375,944.5,102.80000305175781,190.38560565185549,Extremely Severe Cyclonic Storm,6,False,MET-7,16.0
CHAPALA_20151101_2100.jpg,CHAPALA,2015-11-01T21:00,13.28125,53.09625244140625,947.0,100.60000610351562,186.31121130371093,Extremely Severe Cyclonic Storm,6,False,MET-7,16.0
CHAPALA_20151102_0000.jpg,CHAPALA,2015-11-02T00:00,13.199999809265137,52.55000305175781,949.5,98.4000015258789,182.23680282592775,Extremely Severe Cyclonic Storm,6,False,MET-7,16.0
CHAPALA_20151102_0300.jpg,CHAPALA,2015-11-02T03:00,13.227499961853027,52.07124328613281,951.75,94.80000305175781,175.56960565185548,Extremely Severe Cyclonic Storm,6,False,MET-7,17.0
CHAPALA_20151102_0600.jpg,CHAPALA,2015-11-02T06:00,13.300000190734863,51.600006103515625,954.0,91.19999694824219,168.90239434814453,Extremely Severe Cyclonic Storm,6,False,MET-7,17.0
CHAPALA_20151102_0900.jpg,CHAPALA,2015-11-02T09:00,13.335000038146973,51.07499694824219,956.0,88.8499984741211,164.55019717407228,Very Severe Cyclonic Storm,5,False,MET-7,17.0
CHAPALA_20151102_1200.jpg,CHAPALA,2015-11-02T12:00,13.399999618530273,50.55000305175781,958.0,86.5,160.198,Very Severe Cyclonic Storm,5,False,MET-7,18.0
CHAPALA_20151102_1500.jpg,CHAPALA,2015-11-02T15:00,13.53499984741211,50.052490234375,961.5,83.05000305175781,153.8086056518555,Very Severe Cyclonic Storm,5,False,MET-7,18.0
CHAPALA_20151102_1800.jpg,CHAPALA,2015-11-02T18:00,13.699999809265137,49.600006103515625,965.0,79.5999984741211,147.41919717407228,Very Severe Cyclonic Storm,5,False,MET-7,18.0
CHAPALA_20151102_2100.jpg,CHAPALA,2015-11-02T21:00,13.867142677307129,49.229278564453125,970.25,72.55000305175781,134.3626056518555,Very Severe Cyclonic Storm,5,False,MET-7,19.0
CHAPALA_20151103_0000.jpg,CHAPALA,2015-11-03T00:00,14.0,48.850006103515625,975.5,65.5,121.30600000000001,Very Severe Cyclonic Storm,5,False,MET-7,19.0
CHAPALA_20151103_0300.jpg,CHAPALA,2015-11-03T03:00,14.054571151733398,48.3218994140625,983.0,55.0,101.86,Severe Cyclonic Storm,4,False,MET-7,19.0
CHAPALA_20151103_0600.jpg,CHAPALA,2015-11-03T06:00,14.071428298950195,47.842864990234375,990.5,44.5,82.414,Cyclonic Storm,3,False,MET-7,20.0
CHAPALA_20151103_0900.jpg,CHAPALA,2015-11-03T09:00,14.087571144104004,47.577392578125,993.0,41.04999923706055,76.02459858703614,Cyclonic Storm,3,False,MET-7,20.0
CHAPALA_20151103_1200.jpg,CHAPALA,2015-11-03T12:00,14.119999885559082,47.41999816894531,995.5,37.599998474121094,69.63519717407227,Cyclonic Storm,3,False,MET-7,20.0
CHAPALA_20151103_1500.jpg,CHAPALA,2015-11-03T15:00,14.176142692565918,47.292449951171875,998.0,32.900001525878906,60.930802825927735,Deep Depression,2,False,MET-7,20.0
CHAPALA_20151103_1800.jpg,CHAPALA,2015-11-03T18:00,14.300000190734863,47.133331298828125,1000.5,28.200000762939453,52.22640141296387,Deep Depression,2,False,MET-7,20.0
CHAPALA_20151103_2100.jpg,CHAPALA,2015-11-03T21:00,14.521286010742188,46.854736328125,1001.75,26.600000381469727,49.26320070648194,Depression,1,False,MET-7,21.0
CHAPALA_20151104_0000.jpg,CHAPALA,2015-11-04T00:00,14.800000190734863,46.5,1003.0,25.0,46.300000000000004,Depression,1,False,MET-7,21.0
KYANT_20161021_0300.jpg,KYANT,2016-10-21T03:00,13.600001335144043,88.79998779296875,1003.0,25.0,46.300000000000004,Depression,1,False,MET-7,40.0
KYANT_20161021_0600.jpg,KYANT,2016-10-21T06:00,13.699999809265137,89.30001831054688,1003.0,25.0,46.300000000000004,Depression,1,False,MET-7,41.0
KYANT_20161021_0900.jpg,KYANT,2016-10-21T09:00,13.8135347366333,89.62841796875,1003.0,25.0,46.300000000000004,Depression,1,False,MET-7,41.0
KYANT_20161021_1200.jpg,KYANT,2016-10-21T12:00,13.899999618530273,89.79998779296875,1003.0,25.0,46.300000000000004,Depression,1,False,MET-7,41.0
KYANT_20161021_1500.jpg,KYANT,2016-10-21T15:00,13.91495418548584,89.88003540039062,1003.0,25.0,46.300000000000004,Depression,1,False,MET-7,41.0
KYANT_20161021_1800.jpg,KYANT,2016-10-21T18:00,13.899998664855957,89.89999389648438,1003.0,25.0,46.300000000000004,Depression,1,False,MET-7,41.0
KYANT_20161021_2100.jpg,KYANT,2016-10-21T21:00,13.879405975341797,89.8580322265625,1002.5,25.0,46.300000000000004,Depression,1,False,MET-7,41.0
KYANT_20161022_0000.jpg,KYANT,2016-10-22T00:00,13.920000076293945,90.05999755859375,1003.0,23.5,43.522000000000006,Depression,1,False,MET-7,41.0
KYANT_20161022_0300.jpg,KYANT,2016-10-22T03:00,14.111003875732422,90.65066528320312,1003.25,23.5,43.522000000000006,Depression,1,False,MET-7,42.0
KYANT_20161022_0600.jpg,KYANT,2016-10-22T06:00,14.54285717010498,91.3857421875,1003.5,23.5,43.522000000000006,Depression,1,False,MET-7,43.0
KYANT_20161022_0900.jpg,KYANT,2016-10-22T09:00,14.766292572021484,91.81195068359375,1003.5,23.5,43.522000000000006,Depression,1,False,MET-7,44.0
KYANT_20161022_1200.jpg,KYANT,2016-10-22T12:00,14.899999618530273,92.04998779296875,1003.5,23.5,43.522000000000006,Depression,1,False,MET-7,44.0
KYANT_20161022_1500.jpg,KYANT,2016-10-22T15:00,15.08243179321289,92.27630615234375,1003.25,23.5,43.522000000000006,Depression,1,False,MET-7,44.0
KYANT_20161022_1800.jpg,KYANT,2016-10-22T18:00,15.25,92.45001220703125,1003.0,23.5,43.522000000000006,Depression,1,False,MET-7,44.0
KYANT_20161022_2100.jpg,KYANT,2016-10-22T21:00,15.397859573364258,92.633056640625,1003.0,23.5,43.522000000000006,Depression,1,False,MET-7,45.0
KYANT_20161023_0000.jpg,KYANT,2016-10-23T00:00,15.5,92.75,1003.0,23.5,43.522000000000006,Depression,1,False,MET-7,45.0
KYANT_20161023_0300.jpg,KYANT,2016-10-23T03:00,15.553746223449707,92.771240234375,1001.0,27.100000381469727,50.189200706481934,Deep Depression,2,False,MET-7,45.0
KYANT_20161023_0600.jpg,KYANT,2016-10-23T06:00,15.600000381469727,92.79998779296875,1000.0,28.200000762939453,52.22640141296387,Deep Depression,2,False,MET-7,45.0
KYANT_20161023_0900.jpg,KYANT,2016-10-23T09:00,15.661365509033203,92.86614990234375,1000.25,28.200000762939453,52.22640141296387,Deep Depression,2,False,MET-7,45.0
KYANT_20161023_1200.jpg,KYANT,2016-10-23T12:00,15.75,92.95001220703125,1000.5,28.200000762939453,52.22640141296387,Deep Depression,2,False,MET-7,45.0
KYANT_20161023_1500.jpg,KYANT,2016-10-23T15:00,15.86750602722168,93.03622436523438,1000.25,28.200000762939453,52.22640141296387,Deep Depression,2,False,MET-7,45.0
KYANT_20161023_1800.jpg,KYANT,2016-10-23T18:00,16.0,93.10000610351562,1000.0,28.200000762939453,52.22640141296387,Deep Depression,2,False,MET-7,45.0
KYANT_20161023_2100.jpg,KYANT,2016-10-23T21:00,16.130109786987305,93.1102294921875,1000.0,28.200000762939453,52.22640141296387,Deep Depression,2,False,MET-7,45.0
KYANT_20161024_0000.jpg,KYANT,2016-10-24T00:00,16.25,93.10000610351562,1000.0,28.200000762939453,52.22640141296387,Deep Depression,2,False,MET-7,46.0
KYANT_20161024_0300.jpg,KYANT,2016-10-24T03:00,16.349998474121094,93.10000610351562,1000.0,28.200000762939453,52.22640141296387,Deep Depression,2,False,MET-7,46.0
KYANT_20161024_0600.jpg,KYANT,2016-10-24T06:00,16.5,93.04998779296875,1000.0,28.200000762939453,52.22640141296387,Deep Depression,2,False,MET-7,46.0
KYANT_20161024_0900.jpg,KYANT,2016-10-24T09:00,16.653419494628906,92.76025390625,1000.0,28.200000762939453,52.22640141296387,Deep Depression,2,False,MET-7,45.0
KYANT_20161024_1200.jpg,KYANT,2016-10-24T12:00,16.700002670288086,92.5,1000.0,28.200000762939453,52.22640141296387,Deep Depression,2,False,MET-7,45.0
KYANT_20161024_1500.jpg,KYANT,2016-10-24T15:00,16.705387115478516,92.317138671875,1000.0,28.200000762939453,52.22640141296387,Deep Depression,2,False,MET-7,45.0
KYANT_20161024_1800.jpg,KYANT,2016-10-24T18:00,16.700000762939453,92.1500244140625,1000.0,28.200000762939453,52.22640141296387,Deep Depression,2,False,MET-7,45.0
KYANT_20161024_2100.jpg,KYANT,2016-10-24T21:00,16.71605682373047,91.95599365234375,999.0,29.299999237060547,54.263598587036135,Deep Depression,2,False,MET-7,45.0
KYANT_20161025_0000.jpg,KYANT,2016-10-25T00:00,16.720001220703125,91.6199951171875,997.0,32.70000076293945,60.56040141296387,Deep Depression,2,False,MET-7,44.0
KYANT_20161025_0300.jpg,KYANT,2016-10-25T03:00,16.75838279724121,91.2567138671875,996.375,35.5,65.74600000000001,Cyclonic Storm,3,False,MET-7,44.0
KYANT_20161025_0600.jpg,KYANT,2016-10-25T06:00,16.757143020629883,91.0142822265625,996.25,37.04999923706055,68.61659858703614,Cyclonic Storm,3,False,MET-7,44.0
KYANT_20161025_0900.jpg,KYANT,2016-10-25T09:00,16.67669105529785,90.85372924804688,995.875,38.0,70.376,Cyclonic Storm,3,False,MET-7,43.0
KYANT_20161025_1200.jpg,KYANT,2016-10-25T12:00,16.674999237060547,90.67501831054688,995.5,38.95000076293945,72.13540141296387,Cyclonic Storm,3,False,MET-7,43.0
KYANT_20161025_1500.jpg,KYANT,2016-10-25T15:00,16.645273208618164,90.21078491210938,995.25,40.45000076293945,74.91340141296386,Cyclonic Storm,3,False,MET-7,43.0
KYANT_20161025_1800.jpg,KYANT,2016-10-25T18:00,16.650001525878906,89.64999389648438,995.0,41.95000076293945,77.69140141296387,Cyclonic Storm,3,False,MET-7,42.0
KYANT_20161025_2100.jpg,KYANT,2016-10-25T21:00,16.534156799316406,89.24618530273438,992.5,41.95000076293945,77.69140141296387,Cyclonic Storm,3,False,MET-7,42.0
KYANT_20161026_0000.jpg,KYANT,2016-10-26T00:00,16.47500228881836,88.75,990.0,43.20000076293945,80.00640141296387,Cyclonic Storm,3,False,MET-7,41.0
KYANT_20161026_0300.jpg,KYANT,2016-10-26T03:00,16.434314727783203,88.23455810546875,993.5,42.650001525878906,78.98780282592774,Cyclonic Storm,3,False,MET-7,41.0
KYANT_20161026_0600.jpg,KYANT,2016-10-26T06:00,16.350000381469727,87.70001220703125,997.0,42.099998474121094,77.96919717407226,Cyclonic Storm,3,False,MET-7,40.0
KYANT_20161026_0900.jpg,KYANT,2016-10-26T09:00,16.182022094726562,87.124755859375,997.75,40.599998474121094,75.19119717407227,Cyclonic Storm,3,False,MET-7,40.0
KYANT_20161026_1200.jpg,KYANT,2016-10-26T12:00,16.024999618530273,86.625,998.5,39.099998474121094,72.41319717407227,Cyclonic Storm,3,False,MET-7,39.0
KYANT_20161026_1500.jpg,KYANT,2016-10-26T15:00,15.96773910522461,86.3636474609375,999.5,34.54999923706055,63.986598587036134,Cyclonic Storm,3,False,MET-7,39.0
KYANT_20161026_1800.jpg,KYANT,2016-10-26T18:00,15.950000762939453,86.17498779296875,1000.5,28.75,53.245000000000005,Deep Depression,2,False,MET-7,38.0
KYANT_20161026_2100.jpg,KYANT,2016-10-26T21:00,15.891427040100098,85.74807739257812,1002.0,26.0,48.152,Depression,1,False,MET-7,38.0
KYANT_20161027_0000.jpg,KYANT,2016-10-27T00:00,15.835060119628906,85.2781982421875,1003.0,26.0,48.152,Depression,1,False,MET-7,38.0
KYANT_20161027_0300.jpg,KYANT,2016-10-27T03:00,15.811517715454102,84.75625610351562,1003.0,26.0,48.152,Depression,1,False,MET-7,37.0
KYANT_20161027_0600.jpg,KYANT,2016-10-27T06:00,15.80000114440918,84.27499389648438,1003.5,26.0,48.152,Depression,1,False,MET-7,37.0
KYANT_20161027_0900.jpg,KYANT,2016-10-27T09:00,15.763504028320312,83.92633056640625,1004.625,25.5,47.226,Depression,1,False,MET-7,36.0
KYANT_20161027_1200.jpg,KYANT,2016-10-27T12:00,15.669229507446289,83.62307739257812,1005.5,25.5,47.226,Depression,1,False,MET-7,36.0
KYANT_20161027_1500.jpg,KYANT,2016-10-27T15:00,15.50464153289795,83.2906494140625,1005.5,24.875,46.0685,Depression,1,False,MET-7,35.0
KYANT_20161027_1800.jpg,KYANT,2016-10-27T18:00,15.314287185668945,82.971435546875,1005.5,24.25,44.911,Depression,1,False,MET-7,35.0
KYANT_20161027_2100.jpg,KYANT,2016-10-27T21:00,15.192415237426758,82.79257202148438,1005.5,22.0,40.744,Depression,1,False,MET-7,35.0
KYANT_20161028_0000.jpg,KYANT,2016-10-28T00:00,15.100000381469727,82.60000610351562,1005.0,22.0,40.744,Depression,1,False,MET-7,35.0
KYANT_20161028_0300.jpg,KYANT,2016-10-28T03:00,15.007518768310547,82.35003662109375,1004.5,22.0,40.744,Depression,1,False,MET-7,34.0
KYANT_20161028_0600.jpg,KYANT,2016-10-28T06:00,14.899998664855957,82.10000610351562,1004.0,22.0,40.744,Depression,1,False,MET-7,34.0
KYANT_20161028_0900.jpg,KYANT,2016-10-28T09:00,14.757460594177246,81.89251708984375,1004.0,22.0,40.744,Depression,1,False,MET-7,34.0
KYANT_20161028_1200.jpg,KYANT,2016-10-28T12:00,14.59999942779541,81.70001220703125,1004.0,22.0,40.744,Depression,1,False,MET-7,33.0
KYANT_20161028_1500.jpg,KYANT,2016-10-28T15:00,14.435025215148926,81.47747802734375,1005.5,19.799999237060547,36.669598587036134,Depression,1,False,MET-7,33.0
KYANT_20161028_1800.jpg,KYANT,2016-10-28T18:00,14.300000190734863,81.29998779296875,1007.0,17.600000381469727,32.59520070648193,Depression,1,False,MET-7,33.0
KYANT_20161028_2100.jpg,KYANT,2016-10-28T21:00,14.242464065551758,81.23504638671875,1007.0,17.600000381469727,32.59520070648193,Depression,1,False,MET-7,33.0
KYANT_20161029_0000.jpg,KYANT,2016-10-29T00:00,14.199999809265137,81.20001220703125,1007.0,17.600000381469727,32.59520070648193,Depression,1,False,MET-7,33.0
KYANT_20161029_0300.jpg,KYANT,2016-10-29T03:00,14.115029335021973,81.117431640625,1007.0,17.600000381469727,32.59520070648193,Depression,1,False,MET-7,33.0
KYANT_20161029_0600.jpg,KYANT,2016-10-29T06:00,14.0,81.0,1007.0,17.600000381469727,32.59520070648193,Depression,1,False,MET-7,32.0
VARDAH_20161206_0900.jpg,VARDAH,2016-12-06T09:00,8.211685180664062,91.33840942382812,1001.0,25.700000762939453,47.59640141296387,Depression,1,False,MET-7,41.0
VARDAH_20161206_1200.jpg,VARDAH,2016-12-06T12:00,8.380000114440918,91.04000854492188,1001.0,25.700000762939453,47.59640141296387,Depression,1,False,MET-7,41.0
VARDAH_20161206_1500.jpg,VARDAH,2016-12-06T15:00,8.682302474975586,90.986083984375,1002.0,25.700000762939453,47.59640141296387,Depression,1,False,MET-7,41.0
VARDAH_20161206_1800.jpg,VARDAH,2016-12-06T18:00,9.100000381469727,91.0,1003.0,25.700000762939453,47.59640141296387,Depression,1,False,MET-7,41.0
VARDAH_20161206_2100.jpg,VARDAH,2016-12-06T21:00,9.381696701049805,90.9925537109375,1003.0,25.700000762939453,47.59640141296387,Depression,1,False,MET-7,41.0
VARDAH_20161207_0000.jpg,VARDAH,2016-12-07T00:00,9.600000381469727,91.0,1003.0,25.700000762939453,47.59640141296387,Depression,1,False,MET-7,41.0
VARDAH_20161207_0300.jpg,VARDAH,2016-12-07T03:00,9.757509231567383,91.06747436523438,1002.25,25.700000762939453,47.59640141296387,Depression,1,False,MET-7,41.0
VARDAH_20161207_0600.jpg,VARDAH,2016-12-07T06:00,9.899999618530273,91.1500244140625,1001.5,25.700000762939453,47.59640141296387,Depression,1,False,MET-7,41.0
VARDAH_20161207_0900.jpg,VARDAH,2016-12-07T09:00,10.055566787719727,91.21124267578125,1001.25,25.700000762939453,47.59640141296387,Depression,1,False,MET-7,41.0
VARDAH_20161207_1200.jpg,VARDAH,2016-12-07T12:00,10.339999198913574,91.3599853515625,1000.5,30.350000381469727,56.20820070648194,Deep Depression,2,False,MET-7,42.0
VARDAH_20161207_1500.jpg,VARDAH,2016-12-07T15:00,10.628334999084473,91.47335815429688,1000.125,32.07500076293945,59.40290141296387,Deep Depression,2,False,MET-7,42.0
VARDAH_20161207_1800.jpg,VARDAH,2016-12-07T18:00,10.885713577270508,91.57144165039062,999.75,33.79999923706055,62.59759858703614,Cyclonic Storm,3,False,MET-7,42.0
VARDAH_20161207_2100.jpg,VARDAH,2016-12-07T21:00,11.093576431274414,91.6612548828125,998.5,37.474998474121094,69.40369717407226,Cyclonic Storm,3,False,MET-7,42.0
VARDAH_20161208_0000.jpg,VARDAH,2016-12-08T00:00,11.25,91.67501831054688,997.25,41.150001525878906,76.20980282592774,Cyclonic Storm,3,False,MET-7,42.0
VARDAH_20161208_0300.jpg,VARDAH,2016-12-08T03:00,11.33249568939209,91.66497802734375,996.5,41.150001525878906,76.20980282592774,Cyclonic Storm,3,False,MET-7,42.0
VARDAH_20161208_0600.jpg,VARDAH,2016-12-08T06:00,11.324999809265137,91.625,995.75,41.150001525878906,76.20980282592774,Cyclonic Storm,3,False,MET-7,42.0
VARDAH_20161208_0900.jpg,VARDAH,2016-12-08T09:00,11.390621185302734,91.56314086914062,995.75,41.150001525878906,76.20980282592774,Cyclonic Storm,3,False,MET-7,42.0
VARDAH_20161208_1200.jpg,VARDAH,2016-12-08T12:00,11.524999618530273,91.47500610351562,995.5,42.400001525878906,78.52480282592774,Cyclonic Storm,3,False,MET-7,42.0
VARDAH_20161208_1500.jpg,VARDAH,2016-12-08T15:00,11.591238021850586,91.3756103515625,995.0,42.400001525878906,78.52480282592774,Cyclonic Storm,3,False,MET-7,42.0
VARDAH_20161208_1800.jpg,VARDAH,2016-12-08T18:00,11.675000190734863,91.25,994.5,42.400001525878906,78.52480282592774,Cyclonic Storm,3,False,MET-7,42.0
VARDAH_20161208_2100.jpg,VARDAH,2016-12-08T21:00,11.786264419555664,91.08941650390625,994.5,42.400001525878906,78.52480282592774,Cyclonic Storm,3,False,MET-7,42.0
VARDAH_20161209_0000.jpg,VARDAH,2016-12-09T00:00,11.825000762939453,90.9000244140625,994.25,43.650001525878906,80.83980282592773,Cyclonic Storm,3,False,MET-7,42.0
VARDAH_20161209_0300.jpg,VARDAH,2016-12-09T03:00,11.83181381225586,90.7880859375,994.0,43.650001525878906,80.83980282592773,Cyclonic Storm,3,False,MET-7,41.0
VARDAH_20161209_0600.jpg,VARDAH,2016-12-09T06:00,11.824999809265137,90.625,993.75,43.650001525878906,80.83980282592773,Cyclonic Storm,3,False,MET-7,41.0
VARDAH_20161209_0900.jpg,VARDAH,2016-12-09T09:00,11.914955139160156,90.41058349609375,993.5,44.20000076293945,81.85840141296387,Cyclonic Storm,3,False,MET-7,41.0
VARDAH_20161209_1200.jpg,VARDAH,2016-12-09T12:00,12.024998664855957,90.05001831054688,993.25,44.75,82.87700000000001,Cyclonic Storm,3,False,MET-7,41.0
VARDAH_20161209_1500.jpg,VARDAH,2016-12-09T15:00,12.15693473815918,89.6700439453125,989.625,46.79999923706055,86.67359858703614,Cyclonic Storm,3,False,MET-7,40.0
VARDAH_20161209_1800.jpg,VARDAH,2016-12-09T18:00,12.324999809265137,89.22500610351562,986.0,50.099998474121094,92.78519717407227,Severe Cyclonic Storm,4,False,MET-7,40.0
VARDAH_20161209_2100.jpg,VARDAH,2016-12-09T21:00,12.509258270263672,88.7730712890625,985.875,52.099998474121094,96.48919717407227,Severe Cyclonic Storm,4,False,MET-7,40.0
VARDAH_20161210_0000.jpg,VARDAH,2016-12-10T00:00,12.65000057220459,88.32501220703125,986.25,52.849998474121094,97.87819717407227,Severe Cyclonic Storm,4,False,MET-7,39.0
VARDAH_20161210_0300.jpg,VARDAH,2016-12-10T03:00,12.757429122924805,87.88992309570312,987.75,54.900001525878906,101.67480282592774,Severe Cyclonic Storm,4,False,MET-7,39.0
VARDAH_20161210_0600.jpg,VARDAH,2016-12-10T06:00,12.899999618530273,87.375,989.25,56.95000076293945,105.47140141296387,Severe Cyclonic Storm,4,False,MET-7,38.0
VARDAH_20161210_0900.jpg,VARDAH,2016-12-10T09:00,13.02248477935791,86.83078002929688,987.25,59.75,110.65700000000001,Severe Cyclonic Storm,4,False,MET-7,38.0
VARDAH_20161210_1200.jpg,VARDAH,2016-12-10T12:00,13.100000381469727,86.32501220703125,984.75,62.54999923706055,115.84259858703614,Severe Cyclonic Storm,4,False,MET-7,37.0
VARDAH_20161210_1500.jpg,VARDAH,2016-12-10T15:00,13.068771362304688,85.7879638671875,980.125,63.099998474121094,116.86119717407227,Severe Cyclonic Storm,4,False,MET-7,37.0
VARDAH_20161210_1800.jpg,VARDAH,2016-12-10T18:00,12.975000381469727,85.27499389648438,975.5,63.650001525878906,117.87980282592774,Severe Cyclonic Storm,4,False,MET-7,36.0
VARDAH_20161210_2100.jpg,VARDAH,2016-12-10T21:00,12.902323722839355,84.95309448242188,973.625,65.69999694824219,121.67639434814454,Very Severe Cyclonic Storm,5,False,MET-7,36.0
VARDAH_20161211_0000.jpg,VARDAH,2016-12-11T00:00,12.875000953674316,84.64999389648438,971.75,69.0,127.78800000000001,Very Severe Cyclonic Storm,5,False,MET-7,35.0
VARDAH_20161211_0300.jpg,VARDAH,2016-12-11T03:00,12.883213996887207,84.219482421875,975.875,70.0,129.64000000000001,Very Severe Cyclonic Storm,5,False,MET-7,35.0
VARDAH_20161211_0600.jpg,VARDAH,2016-12-11T06:00,12.975000381469727,83.75,980.0,71.0,131.49200000000002,Very Severe Cyclonic Storm,5,False,MET-7,35.0
VARDAH_20161211_0900.jpg,VARDAH,2016-12-11T09:00,13.044832229614258,83.45184326171875,979.625,71.0,131.49200000000002,Very Severe Cyclonic Storm,5,False,MET-7,34.0
VARDAH_20161211_1200.jpg,VARDAH,2016-12-11T12:00,13.149999618530273,83.17498779296875,979.25,71.0,131.49200000000002,Very Severe Cyclonic Storm,5,False,MET-7,34.0
VARDAH_20161211_1500.jpg,VARDAH,2016-12-11T15:00,13.184283256530762,82.72119140625,975.0,70.55000305175781,130.65860565185548,Very Severe Cyclonic Storm,5,False,MET-7,34.0
VARDAH_20161211_1800.jpg,VARDAH,2016-12-11T18:00,13.15000057220459,82.32501220703125,970.75,70.0999984741211,129.82519717407226,Very Severe Cyclonic Storm,5,False,MET-7,33.0
VARDAH_20161211_2100.jpg,VARDAH,2016-12-11T21:00,13.178682327270508,81.94998168945312,970.5,72.19999694824219,133.71439434814454,Very Severe Cyclonic Storm,5,False,MET-7,33.0
VARDAH_20161212_0000.jpg,VARDAH,2016-12-12T00:00,13.200000762939453,81.60000610351562,972.0,72.0999984741211,133.52919717407227,Very Severe Cyclonic Storm,5,False,MET-7,33.0
VARDAH_20161212_0300.jpg,VARDAH,2016-12-12T03:00,13.204362869262695,81.17987060546875,973.5,72.0999984741211,133.52919717407227,Very Severe Cyclonic Storm,5,False,MET-7,32.0
VARDAH_20161212_0600.jpg,VARDAH,2016-12-12T06:00,13.199999809265137,80.70001220703125,975.0,72.0999984741211,133.52919717407227,Very Severe Cyclonic Storm,5,False,MET-7,32.0
VARDAH_20161212_0900.jpg,VARDAH,2016-12-12T09:00,13.18038558959961,80.22341918945312,971.75,61.900001525878906,114.63880282592774,Severe Cyclonic Storm,4,False,MET-7,31.0
VARDAH_20161212_1200.jpg,VARDAH,2016-12-12T12:00,13.15939998626709,79.74069213867188,979.0,53.599998474121094,99.26719717407227,Severe Cyclonic Storm,4,False,MET-7,31.0
VARDAH_20161212_1500.jpg,VARDAH,2016-12-12T15:00,13.135970115661621,79.274658203125,986.75,45.29999923706055,83.89559858703613,Cyclonic Storm,3,False,MET-7,30.0
VARDAH_20161212_1800.jpg,VARDAH,2016-12-12T18:00,13.100001335144043,78.80667114257812,993.5,37.0,68.524,Cyclonic Storm,3,False,MET-7,30.0
VARDAH_20161212_2100.jpg,VARDAH,2016-12-12T21:00,13.073765754699707,78.33206176757812,999.125,35.04999923706055,64.91259858703613,Cyclonic Storm,3,False,MET-7,29.0
VARDAH_20161213_0000.jpg,VARDAH,2016-12-13T00:00,13.053847312927246,77.87692260742188,1004.5,26.100000381469727,48.33720070648194,Depression,1,False,MET-7,29.0
VARDAH_20161213_0300.jpg,VARDAH,2016-12-13T03:00,13.037239074707031,77.4630126953125,1004.5,24.200000762939453,44.81840141296387,Depression,1,False,MET-7,28.0
VARDAH_20161213_0600.jpg,VARDAH,2016-12-13T06:00,12.978240013122559,77.05606079101562,1004.0,22.0,40.744,Depression,1,False,MET-7,28.0
VARDAH_20161213_0900.jpg,VARDAH,2016-12-13T09:00,12.937769889831543,76.61578369140625,1004.0,22.0,40.744,Depression,1,False,MET-7,27.0
VARDAH_20161213_1200.jpg,VARDAH,2016-12-13T12:00,12.901806831359863,76.16720581054688,1004.0,22.0,40.744,Depression,1,False,MET-7,27.0
VARDAH_20161213_1500.jpg,VARDAH,2016-12-13T15:00,12.86004638671875,75.73831176757812,1005.5,19.799999237060547,36.669598587036134,Depression,1,False,MET-7,27.0
VARDAH_20161213_1800.jpg,VARDAH,2016-12-13T18:00,12.809632301330566,75.30157470703125,1007.0,17.600000381469727,32.59520070648193,Depression,1,False,MET-7,26.0
VARDAH_20161213_2100.jpg,VARDAH,2016-12-13T21:00,12.747905731201172,74.82980346679688,1007.0,17.600000381469727,32.59520070648193,Depression,1,False,MET-7,26.0
VARDAH_20161214_0000.jpg,VARDAH,2016-12-14T00:00,12.674006462097168,74.36062622070312,1007.0,17.600000381469727,32.59520070648193,Depression,1,False,MET-7,25.0
VARDAH_20161214_0300.jpg,VARDAH,2016-12-14T03:00,12.592440605163574,73.92500305175781,1007.0,17.600000381469727,32.59520070648193,Depression,1,False,MET-7,25.0
VARDAH_20161214_0600.jpg,VARDAH,2016-12-14T06:00,12.5005464553833,73.5123291015625,1007.0,17.600000381469727,32.59520070648193,Depression,1,False,MET-7,24.0
VARDAH_20161214_0900.jpg,VARDAH,2016-12-14T09:00,12.402039527893066,73.119384765625,1005.5,19.799999237060547,36.669598587036134,Depression,1,False,MET-7,24.0
VARDAH_20161214_1200.jpg,VARDAH,2016-12-14T12:00,12.294925689697266,72.72470092773438,1004.0,22.0,40.744,Depression,1,False,MET-7,23.0
VARDAH_20161214_1500.jpg,VARDAH,2016-12-14T15:00,12.18237018585205,72.30081176757812,1004.0,22.0,40.744,Depression,1,False,MET-7,23.0
VARDAH_20161214_1800.jpg,VARDAH,2016-12-14T18:00,12.062812805175781,71.8656005859375,1004.0,22.0,40.744,Depression,1,False,MET-7,22.0
VARDAH_20161214_2100.jpg,VARDAH,2016-12-14T21:00,11.93648624420166,71.4346923828125,1004.0,22.0,40.744,Depression,1,False,MET-7,22.0
VARDAH_20161215_0000.jpg,VARDAH,2016-12-15T00:00,11.809906005859375,71.00277709960938,1004.0,22.0,40.744,Depression,1,False,MET-7,21.0
VARDAH_20161215_0300.jpg,VARDAH,2016-12-15T03:00,11.68935489654541,70.56793212890625,1004.0,22.0,40.744,Depression,1,False,MET-7,21.0
VARDAH_20161215_0600.jpg,VARDAH,2016-12-15T06:00,11.575241088867188,70.1373291015625,1004.0,22.0,40.744,Depression,1,False,MET-7,21.0
VARDAH_20161215_0900.jpg,VARDAH,2016-12-15T09:00,11.46325969696045,69.72564697265625,1004.0,22.0,40.744,Depression,1,False,MET-7,20.0
VARDAH_20161215_1200.jpg,VARDAH,2016-12-15T12:00,11.36806869506836,69.32316589355469,1004.0,22.0,40.744,Depression,1,False,MET-7,20.0
VARDAH_20161215_1500.jpg,VARDAH,2016-12-15T15:00,11.260047912597656,68.88836669921875,1004.0,22.0,40.744,Depression,1,False,MET-7,19.0
VARDAH_20161215_1800.jpg,VARDAH,2016-12-15T18:00,11.158404350280762,68.43441772460938,1004.0,22.0,40.744,Depression,1,False,MET-7,19.0
VARDAH_20161215_2100.jpg,VARDAH,2016-12-15T21:00,11.127378463745117,68.00765991210938,1002.0,24.200000762939453,44.81840141296387,Depression,1,False,MET-7,18.0
VARDAH_20161216_0000.jpg,VARDAH,2016-12-16T00:00,11.199999809265137,67.5,1000.0,26.399999618530273,48.89279929351807,Depression,1,False,MET-7,18.0
VARDAH_20161216_0300.jpg,VARDAH,2016-12-16T03:00,11.207478523254395,66.949951171875,1000.0,26.399999618530273,48.89279929351807,Depression,1,False,MET-7,18.0
VARDAH_20161216_0600.jpg,VARDAH,2016-12-16T06:00,11.199999809265137,66.39999389648438,1000.0,26.399999618530273,48.89279929351807,Depression,1,False,MET-7,17.0
VARDAH_20161216_0900.jpg,VARDAH,2016-12-16T09:00,11.207297325134277,65.90753173828125,1000.0,26.399999618530273,48.89279929351807,Depression,1,False,MET-7,17.0
VARDAH_20161216_1200.jpg,VARDAH,2016-12-16T12:00,11.19999885559082,65.39999389648438,1000.0,26.399999618530273,48.89279929351807,Depression,1,False,MET-7,16.0
VARDAH_20161216_1500.jpg,VARDAH,2016-12-16T15:00,11.17208194732666,64.86758422851562,1000.0,26.399999618530273,48.89279929351807,Depression,1,False,MET-7,16.0
VARDAH_20161216_1800.jpg,VARDAH,2016-12-16T18:00,11.100000381469727,64.19999694824219,1000.0,26.399999618530273,48.89279929351807,Depression,1,False,MET-7,16.0
VARDAH_20161216_2100.jpg,VARDAH,2016-12-16T21:00,10.966405868530273,63.10581970214844,999.0,25.700000762939453,47.59640141296387,Depression,1,False,MET-7,15.0
VARDAH_20161217_0000.jpg,VARDAH,2016-12-17T00:00,11.133334159851074,62.100006103515625,999.0,25.700000762939453,47.59640141296387,Depression,1,False,MET-7,14.0
VARDAH_20161217_0300.jpg,VARDAH,2016-12-17T03:00,11.15175724029541,61.351806640625,999.0,25.700000762939453,47.59640141296387,Depression,1,False,MET-7,14.0
VARDAH_20161217_0600.jpg,VARDAH,2016-12-17T06:00,10.950000762939453,60.75,999.0,25.700000762939453,47.59640141296387,Depression,1,False,MET-7,14.0
VARDAH_20161217_0900.jpg,VARDAH,2016-12-17T09:00,10.80830192565918,60.301666259765625,999.0,25.700000762939453,47.59640141296387,Depression,1,False,MET-7,13.0
VARDAH_20161217_1200.jpg,VARDAH,2016-12-17T12:00,10.600000381469727,59.80000305175781,999.0,25.700000762939453,47.59640141296387,Depression,1,False,MET-7,13.0
VARDAH_20161217_1500.jpg,VARDAH,2016-12-17T15:00,10.199995994567871,59.089630126953125,997.5,26.799999237060547,49.63359858703613,Depression,1,False,MET-7,12.0
VARDAH_20161217_1800.jpg,VARDAH,2016-12-17T18:00,9.800000190734863,58.26666259765625,996.0,27.899999618530273,51.670799293518066,Deep Depression,2,False,MET-7,12.0
VARDAH_20161217_2100.jpg,VARDAH,2016-12-17T21:00,9.530014038085938,57.44000244140625,995.0,25.399999618530273,47.04079929351807,Depression,1,False,MET-7,11.0
VARDAH_20161218_0000.jpg,VARDAH,2016-12-18T00:00,9.399999618530273,56.80000305175781,996.0,30.799999237060547,57.041598587036134,Deep Depression,2,False,MET-7,11.0
VARDAH_20161218_0300.jpg,VARDAH,2016-12-18T03:00,9.31963062286377,56.107635498046875,996.0,30.799999237060547,57.041598587036134,Deep Depression,2,False,MET-7,11.0
VARDAH_20161218_0600.jpg,VARDAH,2016-12-18T06:00,9.300000190734863,55.399993896484375,996.0,30.799999237060547,57.041598587036134,Deep Depression,2,False,MET-7,11.0
VARDAH_20161218_0900.jpg,VARDAH,2016-12-18T09:00,9.30000114440918,54.565093994140625,996.0,30.799999237060547,57.041598587036134,Deep Depression,2,False,MET-7,11.0
VARDAH_20161218_1200.jpg,VARDAH,2016-12-18T12:00,9.300000190734863,53.69999694824219,996.0,30.799999237060547,57.041598587036134,Deep Depression,2,False,MET-7,12.0
VARDAH_20161218_1500.jpg,VARDAH,2016-12-18T15:00,9.272491455078125,52.855072021484375,996.0,30.799999237060547,57.041598587036134,Deep Depression,2,False,MET-7,12.0
VARDAH_20161218_1800.jpg,VARDAH,2016-12-18T18:00,9.199999809265137,52.09999084472656,996.0,30.799999237060547,57.041598587036134,Deep Depression,2,False,MET-7,12.0
VARDAH_20161218_2100.jpg,VARDAH,2016-12-18T21:00,9.067521095275879,51.50239562988281,1000.0,26.399999618530273,48.89279929351807,Depression,1,False,MET-7,13.0
VARDAH_20161219_0000.jpg,VARDAH,2016-12-19T00:00,8.899999618530273,51.0,1004.0,22.0,40.744,Depression,1,False,MET-7,13.0
